{
    "perClassFacts": {
        "unique": {
            "NOC": {
                "impact": 0.47646809908690346,
                "rank": 1,
                "feature": "NOC",
                "positiveCategoricalValue": "USA",
                "negativeCategoricalValue": "GBR",
                "infoGain": 0.5947912170584723,
                "type": "CATEGORICAL"
            },
            "Sport": {
                "impact": 0.3554937351800655,
                "rank": 2,
                "feature": "Sport",
                "positiveCategoricalValue": "Swimming",
                "negativeCategoricalValue": "Athletics",
                "infoGain": 0.6823527286774513,
                "type": "CATEGORICAL"
            },
            "Sex": {
                "impact": 0.0606839283734163,
                "rank": 5,
                "feature": "Sex",
                "positiveCategoricalValue": "F",
                "negativeCategoricalValue": "M",
                "infoGain": 0.5606951968603824,
                "type": "CATEGORICAL"
            }
        }
    }
}