[
    {
        "test_score_gib": 0.7904681089165292,
        "train_score": 0.8272554441235029,
        "test_score": 0.7904681089165292,
        "num_samples": 11887,
        "fit_time": 43411,
        "score_time": 484,
        "time": 43895,
        "parameters": {
            "booster": "gbtree",
            "colsample_bylevel": 1.0,
            "colsample_bytree": 1.0,
            "gamma": 0.0,
            "learning_rate": 0.2,
            "max_delta_step": 0.0,
            "max_depth": 3,
            "min_child_weight": 1.0,
            "reg_alpha": 0.0,
            "reg_lambda": 1.0,
            "subsample": 1.0
        },
        "done_at": 1718712970089,
        "split_id": 0,
        "best_iteration": 136
    },
    {
        "test_score_gib": 0.7890874708584595,
        "train_score": 0.8131839981326606,
        "test_score": 0.7890874708584595,
        "num_samples": 11887,
        "fit_time": 35779,
        "score_time": 732,
        "time": 36511,
        "parameters": {
            "booster": "gbtree",
            "colsample_bylevel": 1.0,
            "colsample_bytree": 1.0,
            "gamma": 0.0,
            "learning_rate": 0.2,
            "max_delta_step": 0.0,
            "max_depth": 3,
            "min_child_weight": 1.0,
            "reg_alpha": 0.0,
            "reg_lambda": 1.0,
            "subsample": 1.0
        },
        "done_at": 1718712962709,
        "split_id": 1,
        "best_iteration": 96
    },
    {
        "test_score_gib": 0.7874543973567676,
        "train_score": 0.8175005641962154,
        "test_score": 0.7874543973567676,
        "num_samples": 11887,
        "fit_time": 36550,
        "score_time": 604,
        "time": 37154,
        "parameters": {
            "booster": "gbtree",
            "colsample_bylevel": 1.0,
            "colsample_bytree": 1.0,
            "gamma": 0.0,
            "learning_rate": 0.2,
            "max_delta_step": 0.0,
            "max_depth": 3,
            "min_child_weight": 1.0,
            "reg_alpha": 0.0,
            "reg_lambda": 1.0,
            "subsample": 1.0
        },
        "done_at": 1718712963474,
        "split_id": 2,
        "best_iteration": 108
    },
    {
        "test_score_gib": 0.7908583865407628,
        "train_score": 0.8121908064216514,
        "test_score": 0.7908583865407628,
        "num_samples": 11887,
        "fit_time": 36193,
        "score_time": 813,
        "time": 37006,
        "parameters": {
            "booster": "gbtree",
            "colsample_bylevel": 1.0,
            "colsample_bytree": 1.0,
            "gamma": 0.0,
            "learning_rate": 0.2,
            "max_delta_step": 0.0,
            "max_depth": 3,
            "min_child_weight": 1.0,
            "reg_alpha": 0.0,
            "reg_lambda": 1.0,
            "subsample": 1.0
        },
        "done_at": 1718712963330,
        "split_id": 3,
        "best_iteration": 90
    },
    {
        "test_score_gib": 0.8015645113893484,
        "train_score": 0.8245723481111276,
        "test_score": 0.8015645113893484,
        "num_samples": 11887,
        "fit_time": 28542,
        "score_time": 319,
        "time": 28861,
        "parameters": {
            "booster": "gbtree",
            "colsample_bylevel": 1.0,
            "colsample_bytree": 1.0,
            "gamma": 0.0,
            "learning_rate": 0.2,
            "max_delta_step": 0.0,
            "max_depth": 3,
            "min_child_weight": 1.0,
            "reg_alpha": 0.0,
            "reg_lambda": 1.0,
            "subsample": 1.0
        },
        "done_at": 1718712991622,
        "split_id": 4,
        "best_iteration": 135
    }
]