{
    "startedAt": 1718712926186,
    "gridSize": 1,
    "nThreads": 4,
    "nSplits": 5,
    "metric": "ROC_AUC",
    "timeout": null,
    "gridPoints": [
        {
            "finishedAt": 1718712991622,
            "score": 0.7918865750123736,
            "testScoreGibMean": 0.7918865750123736,
            "testScoreMean": 0.7918865750123736,
            "testScoreStd": 0.004984192069940665,
            "trainScoreMean": 0.8189406321970316,
            "trainScoreStd": 0.006027024159661372,
            "time": 183427,
            "fitTimeMean": 36095.0,
            "fitTimeStd": 4709.313113395626,
            "scoreTimeMean": 590.4,
            "scoreTimeStd": 175.93476063586752,
            "parameters": {
                "booster": "gbtree",
                "colsample_bylevel": 1.0,
                "colsample_bytree": 1.0,
                "gamma": 0.0,
                "learning_rate": 0.2,
                "max_delta_step": 0.0,
                "max_depth": 3,
                "min_child_weight": 1.0,
                "reg_alpha": 0.0,
                "reg_lambda": 1.0,
                "subsample": 1.0,
                "n_estimators": 109
            }
        }
    ]
}