{
    "modelInputNRows": 59435,
    "modelInputNCols": 263,
    "modelInputIsSparse": false,
    "modelInputMemory": 125051240,
    "usedGridSearch": true,
    "gridSize": 1,
    "gridBestScore": 0.7918865750123736,
    "gridCells": [
        {
            "params": {
                "booster": "gbtree",
                "colsample_bylevel": 1.0,
                "colsample_bytree": 1.0,
                "gamma": 0.0,
                "learning_rate": 0.2,
                "max_delta_step": 0.0,
                "max_depth": 3,
                "min_child_weight": 1.0,
                "reg_alpha": 0.0,
                "reg_lambda": 1.0,
                "subsample": 1.0,
                "n_estimators": 109
            },
            "score": 0.7918865750123736,
            "scoreStd": 0.004984192069940665,
            "fitTime": 36.095,
            "fitTimeStd": 4.709313113395626,
            "scoreTime": 0.5903999999999999,
            "scoreTimeStd": 0.17593476063586752
        }
    ],
    "rawImportance": {
        "variables": [
            "Weight",
            "Height",
            "Age",
            "IMC",
            "dummy:NOC:USA",
            "dummy:NOC:GBR",
            "dummy:NOC:FRA",
            "dummy:NOC:JPN",
            "dummy:NOC:AUS",
            "dummy:NOC:CAN",
            "dummy:NOC:ITA",
            "dummy:NOC:GER",
            "dummy:NOC:HUN",
            "dummy:NOC:POL",
            "dummy:NOC:CHN",
            "dummy:NOC:URS",
            "dummy:NOC:RUS",
            "dummy:NOC:ESP",
            "dummy:NOC:ROU",
            "dummy:NOC:BUL",
            "dummy:NOC:KOR",
            "dummy:NOC:SWE",
            "dummy:NOC:SUI",
            "dummy:NOC:FRG",
            "dummy:NOC:BRA",
            "dummy:NOC:MEX",
            "dummy:NOC:GDR",
            "dummy:NOC:CUB",
            "dummy:NOC:NED",
            "dummy:NOC:BEL",
            "dummy:NOC:GRE",
            "dummy:NOC:AUT",
            "dummy:NOC:ARG",
            "dummy:NOC:POR",
            "dummy:NOC:TPE",
            "dummy:NOC:COL",
            "dummy:NOC:IRL",
            "dummy:NOC:KAZ",
            "dummy:NOC:VEN",
            "dummy:NOC:JAM",
            "dummy:NOC:EGY",
            "dummy:NOC:IRI",
            "dummy:NOC:KEN",
            "dummy:NOC:THA",
            "dummy:NOC:IND",
            "dummy:NOC:PUR",
            "dummy:NOC:NGR",
            "dummy:NOC:ISR",
            "dummy:NOC:PHI",
            "dummy:NOC:HKG",
            "dummy:NOC:LTU",
            "dummy:NOC:LUX",
            "dummy:NOC:ETH",
            "dummy:NOC:MAS",
            "dummy:NOC:CHI",
            "dummy:NOC:EUN",
            "dummy:NOC:ECU",
            "dummy:NOC:PER",
            "dummy:NOC:GUA",
            "dummy:NOC:INA",
            "dummy:NOC:ISL",
            "dummy:NOC:SEN",
            "dummy:NOC:URU",
            "dummy:NOC:KGZ",
            "dummy:NOC:MDA",
            "dummy:NOC:BAR",
            "dummy:NOC:LIB",
            "dummy:NOC:PAK",
            "dummy:NOC:KUW",
            "dummy:NOC:CMR",
            "dummy:NOC:ESA",
            "dummy:NOC:DOM",
            "dummy:NOC:ISV",
            "dummy:NOC:GHA",
            "dummy:NOC:__Others__",
            "dummy:Sex:M",
            "dummy:City:Rio de Janeiro",
            "dummy:City:Beijing",
            "dummy:City:Athina",
            "dummy:City:Sydney",
            "dummy:City:London",
            "dummy:City:Atlanta",
            "dummy:City:Seoul",
            "dummy:City:Barcelona",
            "dummy:City:Munich",
            "dummy:City:Los Angeles",
            "dummy:City:Mexico City",
            "dummy:City:Roma",
            "dummy:City:Moskva",
            "dummy:City:Melbourne",
            "dummy:City_in_Country:False",
            "dummy:Sport:Athletics",
            "dummy:Sport:Gymnastics",
            "dummy:Sport:Swimming",
            "dummy:Sport:Cycling",
            "dummy:Sport:Wrestling",
            "dummy:Sport:Shooting",
            "dummy:Sport:Boxing",
            "dummy:Sport:Judo",
            "dummy:Sport:Fencing",
            "dummy:Sport:Weightlifting",
            "dummy:Sport:Canoeing",
            "dummy:Sport:Diving",
            "dummy:Sport:Archery",
            "dummy:Sport:Tennis",
            "dummy:Sport:Table Tennis",
            "dummy:Sport:Modern Pentathlon",
            "dummy:Sport:Taekwondo",
            "dummy:Sport:Badminton",
            "dummy:Sport:Triathlon",
            "dummy:Event:Road Race, Individual",
            "dummy:Event:Singles",
            "dummy:Event:Horse Vault",
            "dummy:Event:Marathon",
            "dummy:Event:100 metres",
            "dummy:Event:100 metres Freestyle",
            "dummy:Event:Lightweight",
            "dummy:Event:Horizontal Bar",
            "dummy:Event:Rings",
            "dummy:Event:Foil, Individual",
            "dummy:Event:1,500 metres",
            "dummy:Event:100 metres Butterfly",
            "dummy:Event:100 metres Backstroke",
            "dummy:Event:epee, Individual",
            "dummy:Event:50 metres Freestyle",
            "dummy:Event:200 metres Breaststroke",
            "dummy:Event:20 kilometres Walk",
            "dummy:Event:Discus Throw",
            "dummy:Event:10,000 metres",
            "dummy:Event:Featherweight",
            "dummy:Event:Air Rifle, 10 metres",
            "dummy:Event:200 metres Butterfly",
            "dummy:Event:Triple Jump",
            "dummy:Event:Bantamweight",
            "dummy:Event:3,000 metres Steeplechase",
            "dummy:Event:Hammer Throw",
            "dummy:Event:Air Pistol, 10 metres",
            "dummy:Event:Pole Vault",
            "dummy:Event:110 metres Hurdles",
            "dummy:Event:Welterweight",
            "dummy:Event:Decathlon",
            "dummy:Event:Windsurfer",
            "dummy:Event:Half-Heavyweight",
            "dummy:Event:Light-Welterweight",
            "dummy:Event:Kayak Singles, Slalom",
            "dummy:Event:Kayak Singles, 1,000 metres",
            "dummy:Event:Light-Flyweight",
            "dummy:Event:Welterweight, Freestyle",
            "dummy:Event:Light-Heavyweight, Freestyle",
            "dummy:Event:Lightweight, Greco-Roman",
            "dummy:Event:__Others__"
        ],
        "importances": [
            0.006649869494140148,
            0.0039942883886396885,
            0.00568856718018651,
            0.005528574343770742,
            0.038847412914037704,
            0.0050733257085084915,
            0.004824530333280563,
            0.014605935662984848,
            0.007182797882705927,
            0.008542408235371113,
            0.006413851864635944,
            0.005937335547059774,
            0.004875819198787212,
            0.004240684676915407,
            0.019448235630989075,
            0.04047567769885063,
            0.021250395104289055,
            0.0073786647990345955,
            0.012051970697939396,
            0.005229361820966005,
            0.0047721266746521,
            0.00406883517280221,
            0.00747476564720273,
            0.0028185085393488407,
            0.007538194302469492,
            0.006706623360514641,
            0.02201615646481514,
            0.008771385066211224,
            0.00398155627772212,
            0.0031433904077857733,
            0.005413106642663479,
            0.008012470789253712,
            0.007926084101200104,
            0.008932655677199364,
            0.012339085340499878,
            0.004611833952367306,
            0.007645172066986561,
            0.00349426013417542,
            0.008362943306565285,
            0.0017656744457781315,
            0.0067583173513412476,
            0.0013215754879638553,
            0.009322412312030792,
            0.004654471762478352,
            0.0057378350757062435,
            0.006304037291556597,
            0.005173219833523035,
            0.004065528977662325,
            0.005309482105076313,
            0.006305208895355463,
            0.0029105874709784985,
            0.0048326835967600346,
            0.008821945637464523,
            0.007377058267593384,
            0.006949861533939838,
            0.009657207876443863,
            0.004318598657846451,
            0.005725906230509281,
            0.005107040982693434,
            0.007551833521574736,
            0.004498363472521305,
            0.005710558500140905,
            0.00295577896758914,
            0.0033086405601352453,
            0.0037126759998500347,
            0.003720310516655445,
            0.004679436329752207,
            0.004250888712704182,
            0.0038272638339549303,
            0.0034267748706042767,
            0.0045906244777143,
            0.003028817242011428,
            0.00446375273168087,
            0.0037590700667351484,
            0.05499212071299553,
            0.0036828923039138317,
            0.0026795880403369665,
            0.00017108007159549743,
            0.002216609660536051,
            0.0014589178608730435,
            0.0010311286896467209,
            0.0012900407891720533,
            0.004972879309207201,
            3.791084964177571e-05,
            0.0054006874561309814,
            0.0043014297261834145,
            0.003882679855450988,
            0.0074503314681351185,
            0.00284807407297194,
            0.005060013849288225,
            0.004514390602707863,
            0.008217435330152512,
            0.043470509350299835,
            0.009440845809876919,
            0.006452793255448341,
            0.026043245568871498,
            0.004147287458181381,
            0.022410806268453598,
            0.014439929276704788,
            0.005376128014177084,
            0.012195173650979996,
            0.011537776328623295,
            0.00446161488071084,
            0.005508907604962587,
            0.003744419664144516,
            0.005892420653253794,
            0.003801114857196808,
            0.011581679806113243,
            0.0026873061433434486,
            0.005430673249065876,
            0.0163252130150795,
            0.007322168909013271,
            0.002169211395084858,
            0.009868762455880642,
            0.0032159818802028894,
            0.004496857523918152,
            0.004423873033374548,
            0.004707206506282091,
            0.0030314179603010416,
            0.005341476760804653,
            0.0023738618474453688,
            0.00205063889734447,
            0.002210582373663783,
            0.0020390371792018414,
            0.0052843173034489155,
            0.002221496310085058,
            0.003058586036786437,
            0.0012679906794801354,
            0.0034823347814381123,
            0.0026163174770772457,
            0.0028931102715432644,
            0.0020433617755770683,
            0.004247656092047691,
            0.00152977358084172,
            0.0026730529498308897,
            0.002055329969152808,
            0.004043049179017544,
            0.0017739334143698215,
            0.0020982553251087666,
            0.002140206750482321,
            0.003850999753922224,
            0.003238011384382844,
            0.00017801056674215943,
            0.0010597981745377183,
            0.0020240521989762783,
            0.0021573081612586975,
            0.003139044623821974,
            0.001690381090156734,
            0.004168202169239521,
            0.0009921449236571789,
            0.009493899531662464
        ]
    },
    "probaAware": true
}