{
  "state": "DONE",
  "preSearchDescription": {
    "gridLength": 1,
    "searchStrategy": "GRID",
    "importantParams": [
      {
        "name": "trees",
        "val": "300"
      },
      {
        "name": "max_depth",
        "vals": [
          "3"
        ]
      }
    ]
  },
  "postSearchDescription": {
    "importantParams": [
      {
        "name": "trees",
        "val": "109"
      },
      {
        "name": "max_depth",
        "val": "3"
      }
    ]
  },
  "resumed": false,
  "timeOrderingEnabled": false,
  "sampleWeightsEnabled": false,
  "modelId": "m1",
  "progress": {
    "top_level_todo": [],
    "stack": [],
    "top_level_done": [
      {
        "name": "Loading train set",
        "time": 423
      },
      {
        "name": "Loading test set",
        "time": 129
      },
      {
        "name": "Collecting statistics",
        "time": 166
      },
      {
        "name": "Preprocessing train set",
        "time": 439
      },
      {
        "name": "Preprocessing test set",
        "time": 168
      },
      {
        "name": "Hyperparameter searching",
        "time": 66084
      },
      {
        "name": "Fitting model",
        "time": 19568
      },
      {
        "name": "Saving model",
        "time": 56
      },
      {
        "name": "Scoring model",
        "time": 2424
      },
      {
        "name": "Preparing explainability",
        "time": 4023
      }
    ]
  },
  "startTime": 1718712924619,
  "endTime": 1718713018118,
  "preprocessingTime": 1330,
  "trainingTime": 92169,
  "hyperparamsSearchTime": 66084,
  "pythonVersion": "3.7.13"
}