{
  "columns": [
    {"name":"ID","type":"string"},
    {"name":"Name","type":"string"},
    {"name":"Sex","type":"string"},
    {"name":"Age","type":"string"},
    {"name":"Height","type":"string"},
    {"name":"Weight","type":"string"},
    {"name":"IMC","type":"string"},
    {"name":"Team","type":"string"},
    {"name":"NOC","type":"string"},
    {"name":"Year","type":"string"},
    {"name":"Season","type":"string"},
    {"name":"City","type":"string"},
    {"name":"City_in_Country","type":"string"},
    {"name":"Sport","type":"string"},
    {"name":"Event","type":"string"},
    {"name":"Medal","type":"string"}
  ],
  "userModified": true
}