{
  "pages": [
    {
      "id": "o7fGU1E",
      "grid": {
        "tiles": []
      },
      "showTitle": false,
      "enableCrossFilters": true,
      "showFilterPanel": true,
      "filtersParams": {
        "panelPosition": "TOP",
        "engineType": "LINO"
      }
    }
  ],
  "owner": "admin",
  "listed": true,
  "name": "Projet_JO_2\u0027s default dashboard",
  "showGrid": false,
  "showNavigationArrows": false,
  "reloadWhenEventReceived": false,
  "creationTag": {
    "versionNumber": 0,
    "lastModifiedBy": {
      "login": "admin"
    },
    "lastModifiedOn": 1718703744982,
    "extendedProperties": {}
  },
  "tags": [],
  "customFields": {},
  "checklists": {
    "checklists": []
  }
}