{
    "per_feature": {
        "NOC": {
            "stats": {
                "mostFrequentValue": "USA",
                "leastFrequentValue": "SSD"
            },
            "category_possible_values": [
                "USA",
                "GBR",
                "FRA",
                "JPN",
                "AUS",
                "CAN",
                "ITA",
                "GER",
                "HUN",
                "POL",
                "CHN",
                "URS",
                "RUS",
                "ESP",
                "ROU",
                "BUL",
                "KOR",
                "SWE",
                "FIN",
                "SUI",
                "FRG",
                "BRA",
                "UKR",
                "MEX",
                "GDR",
                "CUB",
                "NED",
                "TCH",
                "BEL",
                "GRE",
                "AUT",
                "BLR",
                "ARG",
                "NZL",
                "POR",
                "TUR",
                "DEN",
                "TPE",
                "CZE",
                "NOR",
                "COL",
                "IRL",
                "KAZ",
                "YUG",
                "RSA",
                "VEN",
                "JAM",
                "EGY",
                "IRI",
                "KEN",
                "THA",
                "PRK",
                "IND",
                "MGL",
                "PUR",
                "NGR",
                "ISR",
                "PHI",
                "HKG",
                "UZB",
                "ALG",
                "MAR",
                "SVK",
                "LTU",
                "SLO",
                "LAT",
                "CRO",
                "LUX",
                "ETH",
                "TUN",
                "MAS",
                "CHI",
                "EUN",
                "EST",
                "ECU",
                "GEO",
                "AZE",
                "PER",
                "GUA",
                "BAH",
                "TTO",
                "INA",
                "ISL",
                "ZIM",
                "SGP",
                "SEN",
                "UGA",
                "URU",
                "KGZ",
                "ARM",
                "MDA",
                "BAR",
                "SRB",
                "LIB",
                "PAK",
                "KUW",
                "CMR",
                "ESA",
                "DOM",
                "ISV",
                "GHA"
            ],
            "category_possible_counts": [
                3286,
                2321,
                2070,
                1952,
                1846,
                1782,
                1769,
                1746,
                1641,
                1543,
                1469,
                1386,
                1276,
                1260,
                1138,
                1131,
                1095,
                999,
                926,
                912,
                841,
                824,
                822,
                801,
                774,
                755,
                728,
                728,
                601,
                600,
                552,
                547,
                507,
                488,
                473,
                437,
                433,
                433,
                428,
                422,
                421,
                403,
                398,
                390,
                335,
                329,
                321,
                311,
                301,
                294,
                286,
                285,
                274,
                257,
                256,
                255,
                249,
                242,
                242,
                235,
                234,
                227,
                225,
                210,
                196,
                191,
                182,
                180,
                179,
                179,
                177,
                175,
                173,
                163,
                159,
                157,
                155,
                154,
                148,
                143,
                143,
                139,
                136,
                120,
                118,
                116,
                112,
                110,
                105,
                102,
                101,
                99,
                98,
                97,
                94,
                92,
                91,
                91,
                91,
                90,
                90
            ]
        },
        "Sex": {
            "stats": {
                "mostFrequentValue": "M",
                "leastFrequentValue": "F"
            },
            "category_possible_values": [
                "M",
                "F"
            ],
            "category_possible_counts": [
                39359,
                20076
            ]
        },
        "City": {
            "stats": {}
        },
        "Weight": {
            "stats": {
                "min": 25.0,
                "average": 68.33879027509043,
                "median": 66.0,
                "max": 214.0,
                "p99": 123.0,
                "std": 15.570849411594072
            },
            "missing_impute_with_value": 68.33879027509043
        },
        "Name": {
            "stats": {}
        },
        "City_in_Country": {
            "stats": {
                "mostFrequentValue": "False",
                "leastFrequentValue": "True"
            },
            "category_possible_values": [
                "False",
                "True"
            ],
            "category_possible_counts": [
                57354,
                2081
            ]
        },
        "Sport": {
            "stats": {
                "mostFrequentValue": "Athletics",
                "leastFrequentValue": "Golf"
            },
            "category_possible_values": [
                "Athletics",
                "Gymnastics",
                "Swimming",
                "Cycling",
                "Wrestling",
                "Shooting",
                "Boxing",
                "Judo",
                "Fencing",
                "Weightlifting",
                "Canoeing",
                "Diving",
                "Archery",
                "Tennis",
                "Table Tennis",
                "Sailing",
                "Modern Pentathlon",
                "Taekwondo",
                "Badminton",
                "Triathlon",
                "Rowing",
                "Rhythmic Gymnastics",
                "Trampolining",
                "Golf"
            ],
            "category_possible_counts": [
                15495,
                10022,
                8461,
                3389,
                3254,
                2883,
                2706,
                2149,
                2002,
                1874,
                1220,
                1050,
                832,
                628,
                612,
                583,
                532,
                384,
                361,
                338,
                330,
                162,
                89,
                79
            ]
        },
        "Year": {
            "stats": {}
        },
        "Event": {
            "stats": {
                "mostFrequentValue": "Floor Exercise",
                "leastFrequentValue": "500 metres Time Trial"
            },
            "category_possible_values": [
                "Floor Exercise",
                "Individual",
                "Individual All-Around",
                "Road Race, Individual",
                "Singles",
                "Horse Vault",
                "Marathon",
                "100 metres",
                "200 metres",
                "100 metres Freestyle",
                "400 metres",
                "Lightweight",
                "Balance Beam",
                "800 metres",
                "Parallel Bars",
                "Pommelled Horse",
                "Horizontal Bar",
                "Rings",
                "Foil, Individual",
                "Uneven Bars",
                "Middleweight",
                "1,500 metres",
                "100 metres Butterfly",
                "100 metres Backstroke",
                "Long Jump",
                "Heavyweight",
                "200 metres Freestyle",
                "100 metres Breaststroke",
                "400 metres Freestyle",
                "High Jump",
                "epee, Individual",
                "50 metres Freestyle",
                "200 metres Breaststroke",
                "20 kilometres Walk",
                "5,000 metres",
                "Discus Throw",
                "10,000 metres",
                "Javelin Throw",
                "400 metres Hurdles",
                "200 metres Individual Medley",
                "Featherweight",
                "Air Rifle, 10 metres",
                "200 metres Backstroke",
                "Springboard",
                "Shot Put",
                "200 metres Butterfly",
                "Platform",
                "Triple Jump",
                "Sabre, Individual",
                "Flyweight",
                "400 metres Individual Medley",
                "Bantamweight",
                "3,000 metres Steeplechase",
                "Light-Heavyweight",
                "Hammer Throw",
                "50 kilometres Walk",
                "Air Pistol, 10 metres",
                "Small-Bore Rifle, Prone, 50 metres",
                "Pole Vault",
                "110 metres Hurdles",
                "Welterweight",
                "Decathlon",
                "Olympic Distance",
                "Single Sculls",
                "Sprint",
                "Free Pistol, 50 metres",
                "Half-Middleweight",
                "Mountainbike, Cross-Country",
                "Windsurfer",
                "Trap",
                "1,500 metres Freestyle",
                "Kayak Singles, 500 metres",
                "Extra-Lightweight",
                "Half-Heavyweight",
                "Light-Welterweight",
                "Half-Lightweight",
                "One Person Dinghy",
                "Kayak Singles, Slalom",
                "100 metres Hurdles",
                "Middleweight, Freestyle",
                "Lightweight, Freestyle",
                "Super-Heavyweight",
                "Rapid-Fire Pistol, 25 metres",
                "Individual Time Trial",
                "Skeet",
                "Kayak Singles, 1,000 metres",
                "Light-Flyweight",
                "Sporting Pistol, 25 metres",
                "800 metres Freestyle",
                "Featherweight, Freestyle",
                "Featherweight, Greco-Roman",
                "Welterweight, Freestyle",
                "Light-Heavyweight, Freestyle",
                "Light-Middleweight",
                "Welterweight, Greco-Roman",
                "Heavyweight, Freestyle",
                "1,000 metres Time Trial",
                "Heptathlon",
                "Lightweight, Greco-Roman",
                "Middleweight, Greco-Roman",
                "Light-Heavyweight, Greco-Roman"
            ],
            "category_possible_counts": [
                1708,
                1694,
                1685,
                1669,
                1601,
                1504,
                1375,
                1338,
                1063,
                992,
                976,
                895,
                891,
                863,
                858,
                854,
                846,
                844,
                841,
                832,
                814,
                737,
                735,
                714,
                704,
                690,
                678,
                675,
                668,
                665,
                655,
                651,
                644,
                644,
                600,
                598,
                584,
                578,
                560,
                555,
                550,
                542,
                539,
                537,
                528,
                526,
                513,
                507,
                506,
                494,
                490,
                485,
                458,
                448,
                437,
                431,
                424,
                424,
                405,
                375,
                344,
                341,
                338,
                330,
                328,
                323,
                319,
                292,
                289,
                289,
                287,
                286,
                278,
                276,
                276,
                275,
                269,
                264,
                262,
                240,
                236,
                233,
                233,
                231,
                229,
                222,
                214,
                214,
                213,
                201,
                199,
                194,
                191,
                189,
                187,
                186,
                186,
                186,
                186,
                185,
                183
            ]
        },
        "Height": {
            "stats": {
                "min": 127.0,
                "average": 173.18201396483553,
                "median": 173.0,
                "max": 214.0,
                "p99": 197.0,
                "std": 10.626712936971977
            },
            "missing_impute_with_value": 173.18201396483553
        },
        "Team": {
            "stats": {}
        },
        "ID": {
            "stats": {}
        },
        "Medal": {
            "stats": {}
        },
        "Season": {
            "stats": {}
        },
        "Age": {
            "stats": {
                "min": 11.0,
                "average": 24.431732144359383,
                "median": 24.0,
                "max": 64.0,
                "p99": 41.0,
                "std": 5.367310144867586
            },
            "missing_impute_with_value": 24.431732144359383
        },
        "IMC": {
            "stats": {
                "min": 12.27,
                "average": 22.559052746697983,
                "median": 22.09,
                "max": 63.9,
                "p99": 34.972999999999814,
                "std": 3.4020235008922524
            },
            "missing_impute_with_value": 22.559052746697983
        }
    },
    "feature_order": [
        "NOC",
        "Sex",
        "City",
        "Weight",
        "Name",
        "City_in_Country",
        "Sport",
        "Year",
        "Event",
        "Height",
        "Team",
        "ID",
        "Medal",
        "Season",
        "Age",
        "IMC"
    ]
}