{
  "tags": {
    "ANALYSIS.YAQRXNSu": {
      "versionNumber": 0,
      "lastModifiedBy": {
        "login": "admin"
      },
      "lastModifiedOn": 1718712556083,
      "extendedProperties": {}
    },
    "ANALYSIS.ou5fzZZr": {
      "versionNumber": 0,
      "lastModifiedBy": {
        "login": "admin"
      },
      "lastModifiedOn": 1718707705336,
      "extendedProperties": {}
    },
    "ANALYSIS.yD3gWXXh": {
      "versionNumber": 0,
      "lastModifiedBy": {
        "login": "admin"
      },
      "lastModifiedOn": 1718714114522,
      "extendedProperties": {}
    },
    "DASHBOARD.pXVu11Y": {
      "versionNumber": 0,
      "lastModifiedBy": {
        "login": "admin"
      },
      "lastModifiedOn": 1718703744982,
      "extendedProperties": {}
    },
    "DATASET.2": {
      "versionNumber": 1,
      "lastModifiedBy": {
        "login": "admin"
      },
      "lastModifiedOn": 1718713827208,
      "extendedProperties": {}
    },
    "DATASET.Athletes_Francais_JO_2024__12_06_2024_": {
      "versionNumber": 1,
      "lastModifiedBy": {
        "login": "admin"
      },
      "lastModifiedOn": 1718722885229,
      "extendedProperties": {}
    },
    "DATASET.Athletes_Francais_JO_2024__12_06_2024__prepared": {
      "versionNumber": 0,
      "lastModifiedBy": {
        "login": "admin"
      },
      "lastModifiedOn": 1718722897504,
      "extendedProperties": {}
    },
    "DATASET.Athletes_Francais_JO_2024__12_06_2024__prepared_scored": {
      "versionNumber": 0,
      "lastModifiedBy": {
        "login": "admin"
      },
      "lastModifiedOn": 1718722964137,
      "extendedProperties": {}
    },
    "DATASET.Athletes_Francais_JO_2024__12_06_2024__scored": {
      "versionNumber": 0,
      "lastModifiedBy": {
        "login": "admin"
      },
      "lastModifiedOn": 1718714972361,
      "extendedProperties": {}
    },
    "DATASET.athlete_events_clean_ml": {
      "versionNumber": 1,
      "lastModifiedBy": {
        "login": "admin"
      },
      "lastModifiedOn": 1718707003669,
      "extendedProperties": {}
    },
    "DATASET.athlete_events_clean_ml_prepared": {
      "versionNumber": 0,
      "lastModifiedBy": {
        "login": "admin"
      },
      "lastModifiedOn": 1718703865165,
      "extendedProperties": {}
    },
    "DATASET.athlete_events_clean_ml_test": {
      "versionNumber": 1,
      "lastModifiedBy": {
        "login": "admin"
      },
      "lastModifiedOn": 1718707602449,
      "extendedProperties": {}
    },
    "DATASET.athlete_events_clean_ml_test_evaluate_dt": {
      "versionNumber": 1,
      "lastModifiedBy": {
        "login": "admin"
      },
      "lastModifiedOn": 1718713763296,
      "extendedProperties": {}
    },
    "DATASET.athlete_events_clean_ml_test_evaluate_lgbm": {
      "versionNumber": 1,
      "lastModifiedBy": {
        "login": "admin"
      },
      "lastModifiedOn": 1718713632595,
      "extendedProperties": {}
    },
    "DATASET.athlete_events_clean_ml_test_evaluate_rf": {
      "versionNumber": 1,
      "lastModifiedBy": {
        "login": "admin"
      },
      "lastModifiedOn": 1718713467243,
      "extendedProperties": {}
    },
    "DATASET.athlete_events_clean_ml_test_evaluate_rf2": {
      "versionNumber": 1,
      "lastModifiedBy": {
        "login": "admin"
      },
      "lastModifiedOn": 1718714630948,
      "extendedProperties": {}
    },
    "DATASET.athlete_events_clean_ml_test_evaluate_rf3": {
      "versionNumber": 1,
      "lastModifiedBy": {
        "login": "admin"
      },
      "lastModifiedOn": 1718716891298,
      "extendedProperties": {}
    },
    "DATASET.athlete_events_clean_ml_train": {
      "versionNumber": 1,
      "lastModifiedBy": {
        "login": "admin"
      },
      "lastModifiedOn": 1718707602401,
      "extendedProperties": {}
    },
    "DATASET.athlete_events_clean_test_evaluate": {
      "versionNumber": 1,
      "lastModifiedBy": {
        "login": "admin"
      },
      "lastModifiedOn": 1718713267661,
      "extendedProperties": {}
    },
    "DATASET.gbt": {
      "versionNumber": 1,
      "lastModifiedBy": {
        "login": "admin"
      },
      "lastModifiedOn": 1718713906313,
      "extendedProperties": {}
    },
    "DATASET.test": {
      "versionNumber": 1,
      "lastModifiedBy": {
        "login": "admin"
      },
      "lastModifiedOn": 1718707602449,
      "extendedProperties": {}
    },
    "DATASET.train": {
      "versionNumber": 1,
      "lastModifiedBy": {
        "login": "admin"
      },
      "lastModifiedOn": 1718707602401,
      "extendedProperties": {}
    },
    "DATASET.xgb": {
      "versionNumber": 1,
      "lastModifiedBy": {
        "login": "admin"
      },
      "lastModifiedOn": 1718713985782,
      "extendedProperties": {}
    },
    "PROJECT.PROJET_JO_2": {
      "versionNumber": 25,
      "lastModifiedBy": {
        "login": "admin"
      },
      "lastModifiedOn": 1718722867311,
      "extendedProperties": {}
    },
    "RECIPE.compute_Athletes_Francais_JO_2024__12_06_2024__prepared": {
      "versionNumber": 1,
      "lastModifiedBy": {
        "login": "admin"
      },
      "lastModifiedOn": 1718722932119,
      "extendedProperties": {}
    },
    "RECIPE.compute_athlete_events_clean_ml_prepared": {
      "versionNumber": 0,
      "lastModifiedBy": {
        "login": "admin"
      },
      "lastModifiedOn": 1718703865177,
      "extendedProperties": {}
    },
    "RECIPE.evaluate_on_athlete_events_clean_ml_test": {
      "versionNumber": 1,
      "lastModifiedBy": {
        "login": "admin"
      },
      "lastModifiedOn": 1718714634523,
      "extendedProperties": {}
    },
    "RECIPE.evaluate_on_athlete_events_clean_ml_test_1": {
      "versionNumber": 1,
      "lastModifiedBy": {
        "login": "admin"
      },
      "lastModifiedOn": 1718716893978,
      "extendedProperties": {}
    },
    "RECIPE.score_Athletes_Francais_JO_2024__12_06_2024_": {
      "versionNumber": 1,
      "lastModifiedBy": {
        "login": "admin"
      },
      "lastModifiedOn": 1718714976838,
      "extendedProperties": {}
    },
    "RECIPE.score_Athletes_Francais_JO_2024__12_06_2024__prepared": {
      "versionNumber": 1,
      "lastModifiedBy": {
        "login": "admin"
      },
      "lastModifiedOn": 1718722966861,
      "extendedProperties": {}
    },
    "RECIPE.split_athlete_events_clean_ml": {
      "versionNumber": 3,
      "lastModifiedBy": {
        "login": "admin"
      },
      "lastModifiedOn": 1718707690518,
      "extendedProperties": {}
    },
    "RECIPE.train_Predict_Medal__binary_": {
      "versionNumber": 0,
      "lastModifiedBy": {
        "login": "admin"
      },
      "lastModifiedOn": 1718713201389,
      "extendedProperties": {}
    },
    "RECIPE.train_Predict_Medal__binary_dt": {
      "versionNumber": 0,
      "lastModifiedBy": {
        "login": "admin"
      },
      "lastModifiedOn": 1718713710158,
      "extendedProperties": {}
    },
    "RECIPE.train_Predict_Medal__binary_gbt": {
      "versionNumber": 0,
      "lastModifiedBy": {
        "login": "admin"
      },
      "lastModifiedOn": 1718713893777,
      "extendedProperties": {}
    },
    "RECIPE.train_Predict_Medal__binary_lgbm": {
      "versionNumber": 0,
      "lastModifiedBy": {
        "login": "admin"
      },
      "lastModifiedOn": 1718713589387,
      "extendedProperties": {}
    },
    "RECIPE.train_Predict_Medal__binary_rf": {
      "versionNumber": 0,
      "lastModifiedBy": {
        "login": "admin"
      },
      "lastModifiedOn": 1718713415337,
      "extendedProperties": {}
    },
    "RECIPE.train_Predict_Medal__binary_rf2": {
      "versionNumber": 0,
      "lastModifiedBy": {
        "login": "admin"
      },
      "lastModifiedOn": 1718714598983,
      "extendedProperties": {}
    },
    "RECIPE.train_Predict_Medal__binary_rf3": {
      "versionNumber": 0,
      "lastModifiedBy": {
        "login": "admin"
      },
      "lastModifiedOn": 1718716853637,
      "extendedProperties": {}
    },
    "RECIPE.train_Predict_Medal__binary_xgb": {
      "versionNumber": 0,
      "lastModifiedBy": {
        "login": "admin"
      },
      "lastModifiedOn": 1718713972294,
      "extendedProperties": {}
    },
    "SAVED_MODEL.DR7MRRgO": {
      "versionNumber": 0,
      "lastModifiedBy": {
        "login": "admin"
      },
      "lastModifiedOn": 1718714598949,
      "extendedProperties": {}
    },
    "SAVED_MODEL.PydB7pjn": {
      "versionNumber": 0,
      "lastModifiedBy": {
        "login": "admin"
      },
      "lastModifiedOn": 1718713415324,
      "extendedProperties": {}
    },
    "SAVED_MODEL.R20afB9J": {
      "versionNumber": 0,
      "lastModifiedBy": {
        "login": "admin"
      },
      "lastModifiedOn": 1718713589381,
      "extendedProperties": {}
    },
    "SAVED_MODEL.fPfhvrmq": {
      "versionNumber": 0,
      "lastModifiedBy": {
        "login": "admin"
      },
      "lastModifiedOn": 1718713710150,
      "extendedProperties": {}
    },
    "SAVED_MODEL.hNXgLoPO": {
      "versionNumber": 0,
      "lastModifiedBy": {
        "login": "admin"
      },
      "lastModifiedOn": 1718713972287,
      "extendedProperties": {}
    },
    "SAVED_MODEL.q3Ieo6vQ": {
      "versionNumber": 0,
      "lastModifiedBy": {
        "login": "admin"
      },
      "lastModifiedOn": 1718713893769,
      "extendedProperties": {}
    },
    "SAVED_MODEL.q4vsTBFU": {
      "versionNumber": 0,
      "lastModifiedBy": {
        "login": "admin"
      },
      "lastModifiedOn": 1718716853603,
      "extendedProperties": {}
    },
    "SAVED_MODEL.z7PKfebO": {
      "versionNumber": 0,
      "lastModifiedBy": {
        "login": "admin"
      },
      "lastModifiedOn": 1718713201366,
      "extendedProperties": {}
    }
  }
}