{
    "perClassFacts": {
        "unique": {
            "NOC": {
                "impact": 0.19376870028190626,
                "rank": 1,
                "feature": "NOC",
                "positiveCategoricalValue": "USA",
                "negativeCategoricalValue": "BRA",
                "infoGain": 0.5401674318389778,
                "type": "CATEGORICAL"
            },
            "Sport": {
                "impact": 0.16945285363774404,
                "rank": 2,
                "feature": "Sport",
                "positiveCategoricalValue": "Athletics",
                "negativeCategoricalValue": "Gymnastics",
                "infoGain": 0.6195393788362997,
                "type": "CATEGORICAL"
            },
            "Event": {
                "impact": 0.07845072819105971,
                "rank": 3,
                "feature": "Event",
                "positiveCategoricalValue": "Individual",
                "negativeCategoricalValue": "Uneven Bars",
                "infoGain": 0.6012642863140123,
                "type": "CATEGORICAL"
            }
        }
    }
}