{
    "startedAt": 1718714305703,
    "gridSize": 9,
    "nThreads": 4,
    "nSplits": 5,
    "metric": "ROC_AUC",
    "timeout": null,
    "gridPoints": [
        {
            "finishedAt": 1718714322950,
            "score": 0.7379174703254464,
            "testScoreGibMean": 0.7379174703254464,
            "testScoreMean": 0.7379174703254464,
            "testScoreStd": 0.007584436509370259,
            "trainScoreMean": 0.7545846670238507,
            "trainScoreStd": 0.0016944349101386143,
            "time": 44704,
            "fitTimeMean": 7495.2,
            "fitTimeStd": 227.82923429621582,
            "scoreTimeMean": 1445.6,
            "scoreTimeStd": 87.22063975917627,
            "parameters": {
                "max_depth": 6,
                "max_features": "sqrt",
                "min_samples_leaf": 1,
                "n_estimators": 100,
                "min_samples_split": 3
            }
        },
        {
            "finishedAt": 1718714341123,
            "score": 0.7239732355892419,
            "testScoreGibMean": 0.7239732355892419,
            "testScoreMean": 0.7239732355892419,
            "testScoreStd": 0.006743414922516946,
            "trainScoreMean": 0.7394590387947576,
            "trainScoreStd": 0.0037390605812362954,
            "time": 20688,
            "fitTimeMean": 3233.0,
            "fitTimeStd": 269.5410914869939,
            "scoreTimeMean": 904.6,
            "scoreTimeStd": 79.82130041536531,
            "parameters": {
                "max_depth": 5,
                "max_features": "sqrt",
                "min_samples_leaf": 1,
                "n_estimators": 50,
                "min_samples_split": 3
            }
        },
        {
            "finishedAt": 1718714346277,
            "score": 0.7662011274615558,
            "testScoreGibMean": 0.7662011274615558,
            "testScoreMean": 0.7662011274615558,
            "testScoreStd": 0.006994708003799397,
            "trainScoreMean": 0.8351471146089969,
            "trainScoreStd": 0.001750952264794784,
            "time": 79175,
            "fitTimeMean": 14050.0,
            "fitTimeStd": 1186.9670593575881,
            "scoreTimeMean": 1785.0,
            "scoreTimeStd": 152.6040628554823,
            "parameters": {
                "max_depth": 14,
                "max_features": "sqrt",
                "min_samples_leaf": 1,
                "n_estimators": 100,
                "min_samples_split": 3
            }
        },
        {
            "finishedAt": 1718714364146,
            "score": 0.7376927778977505,
            "testScoreGibMean": 0.7376927778977505,
            "testScoreMean": 0.7376927778977505,
            "testScoreStd": 0.008099586337593154,
            "trainScoreMean": 0.7543617162065102,
            "trainScoreStd": 0.0020626499255756428,
            "time": 63890,
            "fitTimeMean": 10657.6,
            "fitTimeStd": 525.8804426863582,
            "scoreTimeMean": 2120.4,
            "scoreTimeStd": 239.2033444582245,
            "parameters": {
                "max_depth": 6,
                "max_features": "sqrt",
                "min_samples_leaf": 1,
                "n_estimators": 150,
                "min_samples_split": 3
            }
        },
        {
            "finishedAt": 1718714364201,
            "score": 0.7349305077544019,
            "testScoreGibMean": 0.7349305077544019,
            "testScoreMean": 0.7349305077544019,
            "testScoreStd": 0.008869790879423132,
            "trainScoreMean": 0.7516256526895035,
            "trainScoreStd": 0.001816590138625631,
            "time": 24024,
            "fitTimeMean": 3859.6,
            "fitTimeStd": 128.05717473066474,
            "scoreTimeMean": 945.2,
            "scoreTimeStd": 91.34637376491746,
            "parameters": {
                "max_depth": 6,
                "max_features": "sqrt",
                "min_samples_leaf": 1,
                "n_estimators": 50,
                "min_samples_split": 3
            }
        },
        {
            "finishedAt": 1718714377809,
            "score": 0.731159053000186,
            "testScoreGibMean": 0.731159053000186,
            "testScoreMean": 0.731159053000186,
            "testScoreStd": 0.008191550314013883,
            "trainScoreMean": 0.7447128661448464,
            "trainScoreStd": 0.0021457304555921063,
            "time": 37439,
            "fitTimeMean": 6179.4,
            "fitTimeStd": 387.0279576464728,
            "scoreTimeMean": 1308.4,
            "scoreTimeStd": 81.93802536063461,
            "parameters": {
                "max_depth": 5,
                "max_features": "sqrt",
                "min_samples_leaf": 1,
                "n_estimators": 100,
                "min_samples_split": 3
            }
        },
        {
            "finishedAt": 1718714388550,
            "score": 0.7612907610060943,
            "testScoreGibMean": 0.7612907610060943,
            "testScoreMean": 0.7612907610060943,
            "testScoreStd": 0.0063590364940509505,
            "trainScoreMean": 0.8314252745980055,
            "trainScoreStd": 0.0022284053664835763,
            "time": 40948,
            "fitTimeMean": 7056.4,
            "fitTimeStd": 276.08592865265695,
            "scoreTimeMean": 1133.2,
            "scoreTimeStd": 234.36672118711735,
            "parameters": {
                "max_depth": 14,
                "max_features": "sqrt",
                "min_samples_leaf": 1,
                "n_estimators": 50,
                "min_samples_split": 3
            }
        },
        {
            "finishedAt": 1718714426715,
            "score": 0.7664925032275268,
            "testScoreGibMean": 0.7664925032275268,
            "testScoreMean": 0.7664925032275268,
            "testScoreStd": 0.007206240189974788,
            "trainScoreMean": 0.8356315504748268,
            "trainScoreStd": 0.0008924768025642539,
            "time": 116559,
            "fitTimeMean": 20996.8,
            "fitTimeStd": 598.8673976766476,
            "scoreTimeMean": 2315.0,
            "scoreTimeStd": 298.92942310853243,
            "parameters": {
                "max_depth": 14,
                "max_features": "sqrt",
                "min_samples_leaf": 1,
                "n_estimators": 150,
                "min_samples_split": 3
            }
        },
        {
            "finishedAt": 1718714427818,
            "score": 0.7311987081216363,
            "testScoreGibMean": 0.7311987081216363,
            "testScoreMean": 0.7311987081216363,
            "testScoreStd": 0.008135088115865798,
            "trainScoreMean": 0.744586139715904,
            "trainScoreStd": 0.0021788740515228445,
            "time": 52158,
            "fitTimeMean": 8749.4,
            "fitTimeStd": 1218.8851627614474,
            "scoreTimeMean": 1682.2,
            "scoreTimeStd": 590.6821141697114,
            "parameters": {
                "max_depth": 5,
                "max_features": "sqrt",
                "min_samples_leaf": 1,
                "n_estimators": 150,
                "min_samples_split": 3
            }
        }
    ]
}