[
    {
        "test_score_gib": 0.7249184158543885,
        "train_score": 0.7568738378515147,
        "test_score": 0.7249184158543885,
        "num_samples": 11887,
        "fit_time": 7703,
        "score_time": 1550,
        "time": 9253,
        "parameters": {
            "max_depth": 6,
            "max_features": "sqrt",
            "min_samples_leaf": 1,
            "n_estimators": 100,
            "min_samples_split": 3
        },
        "done_at": 1718714314974,
        "split_id": 0
    },
    {
        "test_score_gib": 0.7393923228336876,
        "train_score": 0.7558333842700711,
        "test_score": 0.7393923228336876,
        "num_samples": 11887,
        "fit_time": 7434,
        "score_time": 1325,
        "time": 8759,
        "parameters": {
            "max_depth": 6,
            "max_features": "sqrt",
            "min_samples_leaf": 1,
            "n_estimators": 100,
            "min_samples_split": 3
        },
        "done_at": 1718714314482,
        "split_id": 1
    },
    {
        "test_score_gib": 0.7429355013318371,
        "train_score": 0.7547240649433766,
        "test_score": 0.7429355013318371,
        "num_samples": 11887,
        "fit_time": 7584,
        "score_time": 1524,
        "time": 9108,
        "parameters": {
            "max_depth": 6,
            "max_features": "sqrt",
            "min_samples_leaf": 1,
            "n_estimators": 100,
            "min_samples_split": 3
        },
        "done_at": 1718714314836,
        "split_id": 2
    },
    {
        "test_score_gib": 0.73524932226146,
        "train_score": 0.7521234075458294,
        "test_score": 0.73524932226146,
        "num_samples": 11887,
        "fit_time": 7675,
        "score_time": 1462,
        "time": 9137,
        "parameters": {
            "max_depth": 6,
            "max_features": "sqrt",
            "min_samples_leaf": 1,
            "n_estimators": 100,
            "min_samples_split": 3
        },
        "done_at": 1718714314869,
        "split_id": 3
    },
    {
        "test_score_gib": 0.7470917893458585,
        "train_score": 0.7533686405084621,
        "test_score": 0.7470917893458585,
        "num_samples": 11887,
        "fit_time": 7080,
        "score_time": 1367,
        "time": 8447,
        "parameters": {
            "max_depth": 6,
            "max_features": "sqrt",
            "min_samples_leaf": 1,
            "n_estimators": 100,
            "min_samples_split": 3
        },
        "done_at": 1718714322950,
        "split_id": 4
    },
    {
        "test_score_gib": 0.7135184937969281,
        "train_score": 0.7428927420022964,
        "test_score": 0.7135184937969281,
        "num_samples": 11887,
        "fit_time": 3619,
        "score_time": 810,
        "time": 4429,
        "parameters": {
            "max_depth": 5,
            "max_features": "sqrt",
            "min_samples_leaf": 1,
            "n_estimators": 50,
            "min_samples_split": 3
        },
        "done_at": 1718714335974,
        "split_id": 0
    },
    {
        "test_score_gib": 0.7288066343632734,
        "train_score": 0.7448953500537803,
        "test_score": 0.7288066343632734,
        "num_samples": 11887,
        "fit_time": 3444,
        "score_time": 830,
        "time": 4274,
        "parameters": {
            "max_depth": 5,
            "max_features": "sqrt",
            "min_samples_leaf": 1,
            "n_estimators": 50,
            "min_samples_split": 3
        },
        "done_at": 1718714336453,
        "split_id": 1
    },
    {
        "test_score_gib": 0.7284662875919788,
        "train_score": 0.7365124872487311,
        "test_score": 0.7284662875919788,
        "num_samples": 11887,
        "fit_time": 2863,
        "score_time": 941,
        "time": 3804,
        "parameters": {
            "max_depth": 5,
            "max_features": "sqrt",
            "min_samples_leaf": 1,
            "n_estimators": 50,
            "min_samples_split": 3
        },
        "done_at": 1718714339794,
        "split_id": 2
    },
    {
        "test_score_gib": 0.7184595188977632,
        "train_score": 0.7354172147853377,
        "test_score": 0.7184595188977632,
        "num_samples": 11887,
        "fit_time": 3179,
        "score_time": 911,
        "time": 4090,
        "parameters": {
            "max_depth": 5,
            "max_features": "sqrt",
            "min_samples_leaf": 1,
            "n_estimators": 50,
            "min_samples_split": 3
        },
        "done_at": 1718714340560,
        "split_id": 3
    },
    {
        "test_score_gib": 0.7306152432962661,
        "train_score": 0.7375773998836425,
        "test_score": 0.7306152432962661,
        "num_samples": 11887,
        "fit_time": 3060,
        "score_time": 1031,
        "time": 4091,
        "parameters": {
            "max_depth": 5,
            "max_features": "sqrt",
            "min_samples_leaf": 1,
            "n_estimators": 50,
            "min_samples_split": 3
        },
        "done_at": 1718714341123,
        "split_id": 4
    },
    {
        "test_score_gib": 0.7557786379732436,
        "train_score": 0.8361412975961723,
        "test_score": 0.7557786379732436,
        "num_samples": 11887,
        "fit_time": 14916,
        "score_time": 1736,
        "time": 16652,
        "parameters": {
            "max_depth": 14,
            "max_features": "sqrt",
            "min_samples_leaf": 1,
            "n_estimators": 100,
            "min_samples_split": 3
        },
        "done_at": 1718714331512,
        "split_id": 0
    },
    {
        "test_score_gib": 0.7641823612070039,
        "train_score": 0.8381122248523472,
        "test_score": 0.7641823612070039,
        "num_samples": 11887,
        "fit_time": 15339,
        "score_time": 1900,
        "time": 17239,
        "parameters": {
            "max_depth": 14,
            "max_features": "sqrt",
            "min_samples_leaf": 1,
            "n_estimators": 100,
            "min_samples_split": 3
        },
        "done_at": 1718714332137,
        "split_id": 1
    },
    {
        "test_score_gib": 0.7683855047735461,
        "train_score": 0.8337614200686366,
        "test_score": 0.7683855047735461,
        "num_samples": 11887,
        "fit_time": 14746,
        "score_time": 1658,
        "time": 16404,
        "parameters": {
            "max_depth": 14,
            "max_features": "sqrt",
            "min_samples_leaf": 1,
            "n_estimators": 100,
            "min_samples_split": 3
        },
        "done_at": 1718714331402,
        "split_id": 2
    },
    {
        "test_score_gib": 0.7652241299950842,
        "train_score": 0.8342584585374637,
        "test_score": 0.7652241299950842,
        "num_samples": 11887,
        "fit_time": 12419,
        "score_time": 1612,
        "time": 14031,
        "parameters": {
            "max_depth": 14,
            "max_features": "sqrt",
            "min_samples_leaf": 1,
            "n_estimators": 100,
            "min_samples_split": 3
        },
        "done_at": 1718714337006,
        "split_id": 3
    },
    {
        "test_score_gib": 0.7774350033589009,
        "train_score": 0.8334621719903647,
        "test_score": 0.7774350033589009,
        "num_samples": 11887,
        "fit_time": 12830,
        "score_time": 2019,
        "time": 14849,
        "parameters": {
            "max_depth": 14,
            "max_features": "sqrt",
            "min_samples_leaf": 1,
            "n_estimators": 100,
            "min_samples_split": 3
        },
        "done_at": 1718714346277,
        "split_id": 4
    },
    {
        "test_score_gib": 0.7258123910560067,
        "train_score": 0.7565813600540716,
        "test_score": 0.7258123910560067,
        "num_samples": 11887,
        "fit_time": 9783,
        "score_time": 2035,
        "time": 11818,
        "parameters": {
            "max_depth": 6,
            "max_features": "sqrt",
            "min_samples_leaf": 1,
            "n_estimators": 150,
            "min_samples_split": 3
        },
        "done_at": 1718714351634,
        "split_id": 0
    },
    {
        "test_score_gib": 0.7372685885308353,
        "train_score": 0.7559120173780309,
        "test_score": 0.7372685885308353,
        "num_samples": 11887,
        "fit_time": 11369,
        "score_time": 1932,
        "time": 13301,
        "parameters": {
            "max_depth": 6,
            "max_features": "sqrt",
            "min_samples_leaf": 1,
            "n_estimators": 150,
            "min_samples_split": 3
        },
        "done_at": 1718714353875,
        "split_id": 1
    },
    {
        "test_score_gib": 0.7442058048071287,
        "train_score": 0.7549897171149638,
        "test_score": 0.7442058048071287,
        "num_samples": 11887,
        "fit_time": 10969,
        "score_time": 2585,
        "time": 13554,
        "parameters": {
            "max_depth": 6,
            "max_features": "sqrt",
            "min_samples_leaf": 1,
            "n_estimators": 150,
            "min_samples_split": 3
        },
        "done_at": 1718714354699,
        "split_id": 2
    },
    {
        "test_score_gib": 0.7326041169096374,
        "train_score": 0.7507704390889802,
        "test_score": 0.7326041169096374,
        "num_samples": 11887,
        "fit_time": 10627,
        "score_time": 2093,
        "time": 12720,
        "parameters": {
            "max_depth": 6,
            "max_features": "sqrt",
            "min_samples_leaf": 1,
            "n_estimators": 150,
            "min_samples_split": 3
        },
        "done_at": 1718714359018,
        "split_id": 3
    },
    {
        "test_score_gib": 0.7485729881851446,
        "train_score": 0.7535550473965037,
        "test_score": 0.7485729881851446,
        "num_samples": 11887,
        "fit_time": 10540,
        "score_time": 1957,
        "time": 12497,
        "parameters": {
            "max_depth": 6,
            "max_features": "sqrt",
            "min_samples_leaf": 1,
            "n_estimators": 150,
            "min_samples_split": 3
        },
        "done_at": 1718714364146,
        "split_id": 4
    },
    {
        "test_score_gib": 0.7198797018437131,
        "train_score": 0.7516631711528423,
        "test_score": 0.7198797018437131,
        "num_samples": 11887,
        "fit_time": 3924,
        "score_time": 1093,
        "time": 5017,
        "parameters": {
            "max_depth": 6,
            "max_features": "sqrt",
            "min_samples_leaf": 1,
            "n_estimators": 50,
            "min_samples_split": 3
        },
        "done_at": 1718714358908,
        "split_id": 0
    },
    {
        "test_score_gib": 0.7390193841218324,
        "train_score": 0.7549641948903034,
        "test_score": 0.7390193841218324,
        "num_samples": 11887,
        "fit_time": 3994,
        "score_time": 994,
        "time": 4988,
        "parameters": {
            "max_depth": 6,
            "max_features": "sqrt",
            "min_samples_leaf": 1,
            "n_estimators": 50,
            "min_samples_split": 3
        },
        "done_at": 1718714359705,
        "split_id": 1
    },
    {
        "test_score_gib": 0.7403589563347955,
        "train_score": 0.7499396864673855,
        "test_score": 0.7403589563347955,
        "num_samples": 11887,
        "fit_time": 3925,
        "score_time": 935,
        "time": 4860,
        "parameters": {
            "max_depth": 6,
            "max_features": "sqrt",
            "min_samples_leaf": 1,
            "n_estimators": 50,
            "min_samples_split": 3
        },
        "done_at": 1718714363784,
        "split_id": 2
    },
    {
        "test_score_gib": 0.7304397513208862,
        "train_score": 0.7500450664540457,
        "test_score": 0.7304397513208862,
        "num_samples": 11887,
        "fit_time": 3829,
        "score_time": 849,
        "time": 4678,
        "parameters": {
            "max_depth": 6,
            "max_features": "sqrt",
            "min_samples_leaf": 1,
            "n_estimators": 50,
            "min_samples_split": 3
        },
        "done_at": 1718714363716,
        "split_id": 3
    },
    {
        "test_score_gib": 0.7449547451507823,
        "train_score": 0.7515161444829406,
        "test_score": 0.7449547451507823,
        "num_samples": 11887,
        "fit_time": 3626,
        "score_time": 855,
        "time": 4481,
        "parameters": {
            "max_depth": 6,
            "max_features": "sqrt",
            "min_samples_leaf": 1,
            "n_estimators": 50,
            "min_samples_split": 3
        },
        "done_at": 1718714364201,
        "split_id": 4
    },
    {
        "test_score_gib": 0.717107214100021,
        "train_score": 0.746491476149917,
        "test_score": 0.717107214100021,
        "num_samples": 11887,
        "fit_time": 6084,
        "score_time": 1335,
        "time": 7419,
        "parameters": {
            "max_depth": 5,
            "max_features": "sqrt",
            "min_samples_leaf": 1,
            "n_estimators": 100,
            "min_samples_split": 3
        },
        "done_at": 1718714371146,
        "split_id": 0
    },
    {
        "test_score_gib": 0.7326303208298481,
        "train_score": 0.7471561836054559,
        "test_score": 0.7326303208298481,
        "num_samples": 11887,
        "fit_time": 6619,
        "score_time": 1392,
        "time": 8011,
        "parameters": {
            "max_depth": 5,
            "max_features": "sqrt",
            "min_samples_leaf": 1,
            "n_estimators": 100,
            "min_samples_split": 3
        },
        "done_at": 1718714371811,
        "split_id": 1
    },
    {
        "test_score_gib": 0.7353678265573386,
        "train_score": 0.7435333175277836,
        "test_score": 0.7353678265573386,
        "num_samples": 11887,
        "fit_time": 6329,
        "score_time": 1370,
        "time": 7699,
        "parameters": {
            "max_depth": 5,
            "max_features": "sqrt",
            "min_samples_leaf": 1,
            "n_estimators": 100,
            "min_samples_split": 3
        },
        "done_at": 1718714371866,
        "split_id": 2
    },
    {
        "test_score_gib": 0.7288978048850018,
        "train_score": 0.7412082235817481,
        "test_score": 0.7288978048850018,
        "num_samples": 11887,
        "fit_time": 6381,
        "score_time": 1283,
        "time": 7664,
        "parameters": {
            "max_depth": 5,
            "max_features": "sqrt",
            "min_samples_leaf": 1,
            "n_estimators": 100,
            "min_samples_split": 3
        },
        "done_at": 1718714371890,
        "split_id": 3
    },
    {
        "test_score_gib": 0.7417920986287209,
        "train_score": 0.745175129859328,
        "test_score": 0.7417920986287209,
        "num_samples": 11887,
        "fit_time": 5484,
        "score_time": 1162,
        "time": 6646,
        "parameters": {
            "max_depth": 5,
            "max_features": "sqrt",
            "min_samples_leaf": 1,
            "n_estimators": 100,
            "min_samples_split": 3
        },
        "done_at": 1718714377809,
        "split_id": 4
    },
    {
        "test_score_gib": 0.7511144270875704,
        "train_score": 0.834301609263294,
        "test_score": 0.7511144270875704,
        "num_samples": 11887,
        "fit_time": 7111,
        "score_time": 866,
        "time": 7977,
        "parameters": {
            "max_depth": 14,
            "max_features": "sqrt",
            "min_samples_leaf": 1,
            "n_estimators": 50,
            "min_samples_split": 3
        },
        "done_at": 1718714379801,
        "split_id": 0
    },
    {
        "test_score_gib": 0.7608192205885114,
        "train_score": 0.8339413681807781,
        "test_score": 0.7608192205885114,
        "num_samples": 11887,
        "fit_time": 7270,
        "score_time": 917,
        "time": 8187,
        "parameters": {
            "max_depth": 14,
            "max_features": "sqrt",
            "min_samples_leaf": 1,
            "n_estimators": 50,
            "min_samples_split": 3
        },
        "done_at": 1718714380069,
        "split_id": 1
    },
    {
        "test_score_gib": 0.7637808719552175,
        "train_score": 0.829738146428272,
        "test_score": 0.7637808719552175,
        "num_samples": 11887,
        "fit_time": 7100,
        "score_time": 1070,
        "time": 8170,
        "parameters": {
            "max_depth": 14,
            "max_features": "sqrt",
            "min_samples_leaf": 1,
            "n_estimators": 50,
            "min_samples_split": 3
        },
        "done_at": 1718714380081,
        "split_id": 2
    },
    {
        "test_score_gib": 0.7599414109894115,
        "train_score": 0.8300795262093208,
        "test_score": 0.7599414109894115,
        "num_samples": 11887,
        "fit_time": 6525,
        "score_time": 1367,
        "time": 7892,
        "parameters": {
            "max_depth": 14,
            "max_features": "sqrt",
            "min_samples_leaf": 1,
            "n_estimators": 50,
            "min_samples_split": 3
        },
        "done_at": 1718714385720,
        "split_id": 3
    },
    {
        "test_score_gib": 0.770797874409761,
        "train_score": 0.8290657229083622,
        "test_score": 0.770797874409761,
        "num_samples": 11887,
        "fit_time": 7276,
        "score_time": 1446,
        "time": 8722,
        "parameters": {
            "max_depth": 14,
            "max_features": "sqrt",
            "min_samples_leaf": 1,
            "n_estimators": 50,
            "min_samples_split": 3
        },
        "done_at": 1718714388550,
        "split_id": 4
    },
    {
        "test_score_gib": 0.755514339063257,
        "train_score": 0.8360923385887647,
        "test_score": 0.755514339063257,
        "num_samples": 11887,
        "fit_time": 21236,
        "score_time": 2263,
        "time": 23499,
        "parameters": {
            "max_depth": 14,
            "max_features": "sqrt",
            "min_samples_leaf": 1,
            "n_estimators": 150,
            "min_samples_split": 3
        },
        "done_at": 1718714403605,
        "split_id": 0
    },
    {
        "test_score_gib": 0.7629577733603385,
        "train_score": 0.8367543061863739,
        "test_score": 0.7629577733603385,
        "num_samples": 11887,
        "fit_time": 21324,
        "score_time": 2494,
        "time": 23818,
        "parameters": {
            "max_depth": 14,
            "max_features": "sqrt",
            "min_samples_leaf": 1,
            "n_estimators": 150,
            "min_samples_split": 3
        },
        "done_at": 1718714403927,
        "split_id": 1
    },
    {
        "test_score_gib": 0.7695208776149165,
        "train_score": 0.8359496297349476,
        "test_score": 0.7695208776149165,
        "num_samples": 11887,
        "fit_time": 21290,
        "score_time": 2580,
        "time": 23870,
        "parameters": {
            "max_depth": 14,
            "max_features": "sqrt",
            "min_samples_leaf": 1,
            "n_estimators": 150,
            "min_samples_split": 3
        },
        "done_at": 1718714409608,
        "split_id": 2
    },
    {
        "test_score_gib": 0.7671594828814962,
        "train_score": 0.8352286479327908,
        "test_score": 0.7671594828814962,
        "num_samples": 11887,
        "fit_time": 19801,
        "score_time": 2483,
        "time": 22284,
        "parameters": {
            "max_depth": 14,
            "max_features": "sqrt",
            "min_samples_leaf": 1,
            "n_estimators": 150,
            "min_samples_split": 3
        },
        "done_at": 1718714410861,
        "split_id": 3
    },
    {
        "test_score_gib": 0.7773100432176254,
        "train_score": 0.8341328299312563,
        "test_score": 0.7773100432176254,
        "num_samples": 11887,
        "fit_time": 21333,
        "score_time": 1755,
        "time": 23088,
        "parameters": {
            "max_depth": 14,
            "max_features": "sqrt",
            "min_samples_leaf": 1,
            "n_estimators": 150,
            "min_samples_split": 3
        },
        "done_at": 1718714426715,
        "split_id": 4
    },
    {
        "test_score_gib": 0.7187275115610131,
        "train_score": 0.7467235141477548,
        "test_score": 0.7187275115610131,
        "num_samples": 11887,
        "fit_time": 8871,
        "score_time": 2561,
        "time": 11432,
        "parameters": {
            "max_depth": 5,
            "max_features": "sqrt",
            "min_samples_leaf": 1,
            "n_estimators": 150,
            "min_samples_split": 3
        },
        "done_at": 1718714415387,
        "split_id": 0
    },
    {
        "test_score_gib": 0.7308649675054006,
        "train_score": 0.7462573744335195,
        "test_score": 0.7308649675054006,
        "num_samples": 11887,
        "fit_time": 9164,
        "score_time": 1858,
        "time": 11022,
        "parameters": {
            "max_depth": 5,
            "max_features": "sqrt",
            "min_samples_leaf": 1,
            "n_estimators": 150,
            "min_samples_split": 3
        },
        "done_at": 1718714420656,
        "split_id": 1
    },
    {
        "test_score_gib": 0.737427159185643,
        "train_score": 0.7450566106512805,
        "test_score": 0.737427159185643,
        "num_samples": 11887,
        "fit_time": 9718,
        "score_time": 1817,
        "time": 11535,
        "parameters": {
            "max_depth": 5,
            "max_features": "sqrt",
            "min_samples_leaf": 1,
            "n_estimators": 150,
            "min_samples_split": 3
        },
        "done_at": 1718714422422,
        "split_id": 2
    },
    {
        "test_score_gib": 0.726909435775278,
        "train_score": 0.7405758431912779,
        "test_score": 0.726909435775278,
        "num_samples": 11887,
        "fit_time": 9605,
        "score_time": 1416,
        "time": 11021,
        "parameters": {
            "max_depth": 5,
            "max_features": "sqrt",
            "min_samples_leaf": 1,
            "n_estimators": 150,
            "min_samples_split": 3
        },
        "done_at": 1718714426425,
        "split_id": 3
    },
    {
        "test_score_gib": 0.7420644665808475,
        "train_score": 0.7443173561556875,
        "test_score": 0.7420644665808475,
        "num_samples": 11887,
        "fit_time": 6389,
        "score_time": 759,
        "time": 7148,
        "parameters": {
            "max_depth": 5,
            "max_features": "sqrt",
            "min_samples_leaf": 1,
            "n_estimators": 150,
            "min_samples_split": 3
        },
        "done_at": 1718714427818,
        "split_id": 4
    }
]