{
    "modelInputNRows": 59435,
    "modelInputNCols": 263,
    "modelInputIsSparse": false,
    "modelInputMemory": 125051240,
    "usedGridSearch": true,
    "gridSize": 9,
    "gridBestScore": 0.7664925032275268,
    "gridCells": [
        {
            "params": {
                "max_depth": 6,
                "max_features": "sqrt",
                "min_samples_leaf": 1,
                "n_estimators": 100,
                "min_samples_split": 3
            },
            "score": 0.7379174703254464,
            "scoreStd": 0.007584436509370259,
            "fitTime": 7.4952,
            "fitTimeStd": 0.22782923429621582,
            "scoreTime": 1.4456,
            "scoreTimeStd": 0.08722063975917627
        },
        {
            "params": {
                "max_depth": 14,
                "max_features": "sqrt",
                "min_samples_leaf": 1,
                "n_estimators": 100,
                "min_samples_split": 3
            },
            "score": 0.7662011274615558,
            "scoreStd": 0.006994708003799397,
            "fitTime": 14.05,
            "fitTimeStd": 1.186967059357588,
            "scoreTime": 1.785,
            "scoreTimeStd": 0.1526040628554823
        },
        {
            "params": {
                "max_depth": 5,
                "max_features": "sqrt",
                "min_samples_leaf": 1,
                "n_estimators": 50,
                "min_samples_split": 3
            },
            "score": 0.7239732355892419,
            "scoreStd": 0.006743414922516946,
            "fitTime": 3.233,
            "fitTimeStd": 0.2695410914869939,
            "scoreTime": 0.9046000000000001,
            "scoreTimeStd": 0.07982130041536531
        },
        {
            "params": {
                "max_depth": 6,
                "max_features": "sqrt",
                "min_samples_leaf": 1,
                "n_estimators": 150,
                "min_samples_split": 3
            },
            "score": 0.7376927778977505,
            "scoreStd": 0.008099586337593154,
            "fitTime": 10.6576,
            "fitTimeStd": 0.5258804426863581,
            "scoreTime": 2.1204,
            "scoreTimeStd": 0.2392033444582245
        },
        {
            "params": {
                "max_depth": 6,
                "max_features": "sqrt",
                "min_samples_leaf": 1,
                "n_estimators": 50,
                "min_samples_split": 3
            },
            "score": 0.7349305077544019,
            "scoreStd": 0.008869790879423132,
            "fitTime": 3.8596,
            "fitTimeStd": 0.12805717473066475,
            "scoreTime": 0.9452,
            "scoreTimeStd": 0.09134637376491746
        },
        {
            "params": {
                "max_depth": 5,
                "max_features": "sqrt",
                "min_samples_leaf": 1,
                "n_estimators": 100,
                "min_samples_split": 3
            },
            "score": 0.731159053000186,
            "scoreStd": 0.008191550314013883,
            "fitTime": 6.179399999999999,
            "fitTimeStd": 0.38702795764647285,
            "scoreTime": 1.3084,
            "scoreTimeStd": 0.08193802536063462
        },
        {
            "params": {
                "max_depth": 14,
                "max_features": "sqrt",
                "min_samples_leaf": 1,
                "n_estimators": 50,
                "min_samples_split": 3
            },
            "score": 0.7612907610060943,
            "scoreStd": 0.0063590364940509505,
            "fitTime": 7.0564,
            "fitTimeStd": 0.27608592865265696,
            "scoreTime": 1.1332,
            "scoreTimeStd": 0.23436672118711735
        },
        {
            "params": {
                "max_depth": 14,
                "max_features": "sqrt",
                "min_samples_leaf": 1,
                "n_estimators": 150,
                "min_samples_split": 3
            },
            "score": 0.7664925032275268,
            "scoreStd": 0.007206240189974788,
            "fitTime": 20.9968,
            "fitTimeStd": 0.5988673976766475,
            "scoreTime": 2.315,
            "scoreTimeStd": 0.29892942310853243
        },
        {
            "params": {
                "max_depth": 5,
                "max_features": "sqrt",
                "min_samples_leaf": 1,
                "n_estimators": 150,
                "min_samples_split": 3
            },
            "score": 0.7311987081216363,
            "scoreStd": 0.008135088115865798,
            "fitTime": 8.7494,
            "fitTimeStd": 1.2188851627614474,
            "scoreTime": 1.6822000000000001,
            "scoreTimeStd": 0.5906821141697114
        }
    ],
    "rawImportance": {
        "variables": [
            "Weight",
            "Height",
            "Age",
            "IMC",
            "dummy:NOC:USA",
            "dummy:NOC:GBR",
            "dummy:NOC:FRA",
            "dummy:NOC:JPN",
            "dummy:NOC:AUS",
            "dummy:NOC:CAN",
            "dummy:NOC:ITA",
            "dummy:NOC:GER",
            "dummy:NOC:HUN",
            "dummy:NOC:POL",
            "dummy:NOC:CHN",
            "dummy:NOC:URS",
            "dummy:NOC:RUS",
            "dummy:NOC:ESP",
            "dummy:NOC:ROU",
            "dummy:NOC:BUL",
            "dummy:NOC:KOR",
            "dummy:NOC:SWE",
            "dummy:NOC:FIN",
            "dummy:NOC:SUI",
            "dummy:NOC:FRG",
            "dummy:NOC:BRA",
            "dummy:NOC:UKR",
            "dummy:NOC:MEX",
            "dummy:NOC:GDR",
            "dummy:NOC:CUB",
            "dummy:NOC:NED",
            "dummy:NOC:TCH",
            "dummy:NOC:BEL",
            "dummy:NOC:GRE",
            "dummy:NOC:AUT",
            "dummy:NOC:BLR",
            "dummy:NOC:ARG",
            "dummy:NOC:NZL",
            "dummy:NOC:POR",
            "dummy:NOC:TUR",
            "dummy:NOC:DEN",
            "dummy:NOC:TPE",
            "dummy:NOC:CZE",
            "dummy:NOC:NOR",
            "dummy:NOC:COL",
            "dummy:NOC:IRL",
            "dummy:NOC:KAZ",
            "dummy:NOC:YUG",
            "dummy:NOC:RSA",
            "dummy:NOC:VEN",
            "dummy:NOC:JAM",
            "dummy:NOC:EGY",
            "dummy:NOC:IRI",
            "dummy:NOC:KEN",
            "dummy:NOC:THA",
            "dummy:NOC:PRK",
            "dummy:NOC:IND",
            "dummy:NOC:MGL",
            "dummy:NOC:PUR",
            "dummy:NOC:NGR",
            "dummy:NOC:ISR",
            "dummy:NOC:PHI",
            "dummy:NOC:HKG",
            "dummy:NOC:UZB",
            "dummy:NOC:ALG",
            "dummy:NOC:MAR",
            "dummy:NOC:SVK",
            "dummy:NOC:LTU",
            "dummy:NOC:SLO",
            "dummy:NOC:LAT",
            "dummy:NOC:CRO",
            "dummy:NOC:LUX",
            "dummy:NOC:ETH",
            "dummy:NOC:TUN",
            "dummy:NOC:MAS",
            "dummy:NOC:CHI",
            "dummy:NOC:EUN",
            "dummy:NOC:EST",
            "dummy:NOC:ECU",
            "dummy:NOC:GEO",
            "dummy:NOC:AZE",
            "dummy:NOC:PER",
            "dummy:NOC:GUA",
            "dummy:NOC:BAH",
            "dummy:NOC:TTO",
            "dummy:NOC:INA",
            "dummy:NOC:ISL",
            "dummy:NOC:ZIM",
            "dummy:NOC:SGP",
            "dummy:NOC:SEN",
            "dummy:NOC:UGA",
            "dummy:NOC:URU",
            "dummy:NOC:KGZ",
            "dummy:NOC:ARM",
            "dummy:NOC:MDA",
            "dummy:NOC:BAR",
            "dummy:NOC:SRB",
            "dummy:NOC:LIB",
            "dummy:NOC:PAK",
            "dummy:NOC:KUW",
            "dummy:NOC:CMR",
            "dummy:NOC:ESA",
            "dummy:NOC:DOM",
            "dummy:NOC:ISV",
            "dummy:NOC:GHA",
            "dummy:NOC:__Others__",
            "dummy:Sex:M",
            "dummy:Sex:F",
            "dummy:City:Rio de Janeiro",
            "dummy:City:Beijing",
            "dummy:City:Athina",
            "dummy:City:Sydney",
            "dummy:City:London",
            "dummy:City:Atlanta",
            "dummy:City:Seoul",
            "dummy:City:Barcelona",
            "dummy:City:Munich",
            "dummy:City:Los Angeles",
            "dummy:City:Mexico City",
            "dummy:City:Tokyo",
            "dummy:City:Roma",
            "dummy:City:Montreal",
            "dummy:City:Moskva",
            "dummy:City:Melbourne",
            "dummy:City:Helsinki",
            "dummy:City_in_Country:False",
            "dummy:City_in_Country:True",
            "dummy:Sport:Athletics",
            "dummy:Sport:Gymnastics",
            "dummy:Sport:Swimming",
            "dummy:Sport:Cycling",
            "dummy:Sport:Wrestling",
            "dummy:Sport:Shooting",
            "dummy:Sport:Boxing",
            "dummy:Sport:Judo",
            "dummy:Sport:Fencing",
            "dummy:Sport:Weightlifting",
            "dummy:Sport:Canoeing",
            "dummy:Sport:Diving",
            "dummy:Sport:Archery",
            "dummy:Sport:Tennis",
            "dummy:Sport:Table Tennis",
            "dummy:Sport:Sailing",
            "dummy:Sport:Modern Pentathlon",
            "dummy:Sport:Taekwondo",
            "dummy:Sport:Badminton",
            "dummy:Sport:Triathlon",
            "dummy:Sport:Rowing",
            "dummy:Sport:Rhythmic Gymnastics",
            "dummy:Sport:Trampolining",
            "dummy:Sport:Golf",
            "dummy:Event:Floor Exercise",
            "dummy:Event:Individual",
            "dummy:Event:Individual All-Around",
            "dummy:Event:Road Race, Individual",
            "dummy:Event:Singles",
            "dummy:Event:Horse Vault",
            "dummy:Event:Marathon",
            "dummy:Event:100 metres",
            "dummy:Event:200 metres",
            "dummy:Event:100 metres Freestyle",
            "dummy:Event:400 metres",
            "dummy:Event:Lightweight",
            "dummy:Event:Balance Beam",
            "dummy:Event:800 metres",
            "dummy:Event:Parallel Bars",
            "dummy:Event:Pommelled Horse",
            "dummy:Event:Horizontal Bar",
            "dummy:Event:Rings",
            "dummy:Event:Foil, Individual",
            "dummy:Event:Uneven Bars",
            "dummy:Event:Middleweight",
            "dummy:Event:1,500 metres",
            "dummy:Event:100 metres Butterfly",
            "dummy:Event:100 metres Backstroke",
            "dummy:Event:Long Jump",
            "dummy:Event:Heavyweight",
            "dummy:Event:200 metres Freestyle",
            "dummy:Event:100 metres Breaststroke",
            "dummy:Event:400 metres Freestyle",
            "dummy:Event:High Jump",
            "dummy:Event:epee, Individual",
            "dummy:Event:50 metres Freestyle",
            "dummy:Event:200 metres Breaststroke",
            "dummy:Event:20 kilometres Walk",
            "dummy:Event:5,000 metres",
            "dummy:Event:Discus Throw",
            "dummy:Event:10,000 metres",
            "dummy:Event:Javelin Throw",
            "dummy:Event:400 metres Hurdles",
            "dummy:Event:200 metres Individual Medley",
            "dummy:Event:Featherweight",
            "dummy:Event:Air Rifle, 10 metres",
            "dummy:Event:200 metres Backstroke",
            "dummy:Event:Springboard",
            "dummy:Event:Shot Put",
            "dummy:Event:200 metres Butterfly",
            "dummy:Event:Platform",
            "dummy:Event:Triple Jump",
            "dummy:Event:Sabre, Individual",
            "dummy:Event:Flyweight",
            "dummy:Event:400 metres Individual Medley",
            "dummy:Event:Bantamweight",
            "dummy:Event:3,000 metres Steeplechase",
            "dummy:Event:Light-Heavyweight",
            "dummy:Event:Hammer Throw",
            "dummy:Event:50 kilometres Walk",
            "dummy:Event:Air Pistol, 10 metres",
            "dummy:Event:Small-Bore Rifle, Prone, 50 metres",
            "dummy:Event:Pole Vault",
            "dummy:Event:110 metres Hurdles",
            "dummy:Event:Welterweight",
            "dummy:Event:Decathlon",
            "dummy:Event:Olympic Distance",
            "dummy:Event:Single Sculls",
            "dummy:Event:Sprint",
            "dummy:Event:Free Pistol, 50 metres",
            "dummy:Event:Half-Middleweight",
            "dummy:Event:Mountainbike, Cross-Country",
            "dummy:Event:Windsurfer",
            "dummy:Event:Trap",
            "dummy:Event:1,500 metres Freestyle",
            "dummy:Event:Kayak Singles, 500 metres",
            "dummy:Event:Extra-Lightweight",
            "dummy:Event:Half-Heavyweight",
            "dummy:Event:Light-Welterweight",
            "dummy:Event:Half-Lightweight",
            "dummy:Event:One Person Dinghy",
            "dummy:Event:Kayak Singles, Slalom",
            "dummy:Event:100 metres Hurdles",
            "dummy:Event:Middleweight, Freestyle",
            "dummy:Event:Lightweight, Freestyle",
            "dummy:Event:Super-Heavyweight",
            "dummy:Event:Rapid-Fire Pistol, 25 metres",
            "dummy:Event:Individual Time Trial",
            "dummy:Event:Skeet",
            "dummy:Event:Kayak Singles, 1,000 metres",
            "dummy:Event:Light-Flyweight",
            "dummy:Event:Sporting Pistol, 25 metres",
            "dummy:Event:800 metres Freestyle",
            "dummy:Event:Featherweight, Freestyle",
            "dummy:Event:Featherweight, Greco-Roman",
            "dummy:Event:Welterweight, Freestyle",
            "dummy:Event:Light-Heavyweight, Freestyle",
            "dummy:Event:Light-Middleweight",
            "dummy:Event:Welterweight, Greco-Roman",
            "dummy:Event:Heavyweight, Freestyle",
            "dummy:Event:1,000 metres Time Trial",
            "dummy:Event:Heptathlon",
            "dummy:Event:Lightweight, Greco-Roman",
            "dummy:Event:Middleweight, Greco-Roman",
            "dummy:Event:Light-Heavyweight, Greco-Roman",
            "dummy:Event:__Others__"
        ],
        "importances": [
            0.05467463594208308,
            0.042870396157607765,
            0.05111525930149179,
            0.059083424864263774,
            0.08404779389647377,
            0.001958889127979728,
            0.0020520347349549544,
            0.006633673157325806,
            0.005688897569004114,
            0.0035304300683888013,
            0.0018952584560153255,
            0.0014770491640711764,
            0.0018246744059392847,
            0.001895243506733018,
            0.02337734947371655,
            0.07492246632809417,
            0.017649990039140404,
            0.0041553237287092525,
            0.003729487096991816,
            0.0022191488858308637,
            0.0016398206111572402,
            0.0011804691287746164,
            0.001411874599823364,
            0.003799900252989899,
            0.0009968401186522524,
            0.0019665252358919004,
            0.0008832290906866136,
            0.0025264961176101075,
            0.019831533294533264,
            0.005793376406344844,
            0.0007414470363388383,
            0.0007289684565427634,
            0.0008031544365203779,
            0.001162748568970205,
            0.0033023867833787924,
            0.00046587644203539445,
            0.002072552270871009,
            0.00036517930253572296,
            0.001477393630383977,
            0.0005035991026188049,
            0.0005400857208945587,
            0.0015938857011414823,
            0.0002770486812546694,
            0.0003550295168474055,
            0.000780922038999484,
            0.0010085944392540854,
            0.0007736835446183586,
            0.0004785793461205067,
            0.0002242690421005352,
            0.0014944832010169579,
            0.0007063777599816028,
            0.0010753048865483673,
            0.0003888375662595199,
            0.0037044062780923997,
            0.0002970435558330332,
            0.0005463504293612004,
            0.001322197961023014,
            0.0005300250642068432,
            0.0006187950962074561,
            0.0004159902388098672,
            0.0002555081259749003,
            0.0004940177899143608,
            0.0009243883083194303,
            0.0003100550940965808,
            0.0004022289778033411,
            0.0004174274975015889,
            0.0001591763957819885,
            0.00037076997663100855,
            0.0002280394797226409,
            0.00024854051268887107,
            0.00026224043403457717,
            0.00025736434222024644,
            0.0017908075370826667,
            0.000400868390577044,
            0.0002132658657148771,
            0.0003351747628971458,
            0.002284257413644755,
            0.00012088143315888496,
            0.00016259027439988657,
            0.00012213486879679382,
            0.0003642996626418005,
            0.0003801756296710687,
            0.00015373292787852175,
            4.0045736885546275e-05,
            9.404105472570048e-05,
            0.00013419897631530015,
            0.0002880355449594176,
            0.00012827089406186292,
            9.729748325054188e-05,
            0.0004224433679873282,
            0.0002745373602892921,
            6.41323513270419e-05,
            8.325342507249131e-05,
            7.493557653730359e-05,
            9.561147784358342e-05,
            0.00011575156826737753,
            5.751205316007387e-05,
            4.811310256914062e-05,
            0.00012695253077617846,
            5.368240529897745e-05,
            0.0002770559989582375,
            5.865011961846702e-05,
            0.00011065462527759788,
            4.733037646708813e-05,
            0.0001227294506603872,
            0.07820937791343066,
            0.006927088499957108,
            0.006796961948782769,
            0.004586065040679489,
            0.003843100765886882,
            0.003037243894076468,
            0.003984424477447658,
            0.002879217186706208,
            0.002952267537010966,
            0.003406397819299908,
            0.00232641298242245,
            0.0026484716842150127,
            0.003369876434757977,
            0.0034646201682740165,
            0.0020805711583458484,
            0.0024105806206199064,
            0.002381964597999098,
            0.003144473031082575,
            0.0022223066965370644,
            0.0016132155620956325,
            0.009091160759724859,
            0.009136316321363958,
            0.007424781002813835,
            0.07293798393079574,
            0.008357117329178185,
            0.002405014536109286,
            0.029715926288982786,
            0.0026310427966242255,
            0.020896654714447793,
            0.010250776260746478,
            0.0029833318962726226,
            0.011141966530610333,
            0.004636625370262626,
            0.0015948756521843117,
            0.0015195209598701691,
            0.001106211584139623,
            0.0017348859211196825,
            0.00037104111315377846,
            0.00033546387658561864,
            0.00615703142730361,
            0.0004256473651024758,
            0.00041019798263741664,
            0.0002890557369110527,
            0.0003184256914703422,
            0.00042150402920535635,
            4.127544907345612e-05,
            0.004608463422272161,
            0.0013421027695223167,
            0.0057462788007354385,
            0.012191943108977027,
            0.003298479351148506,
            0.0035189707820917487,
            0.0038832650505500593,
            0.003700527715078256,
            0.0012030306502791917,
            0.001324969806440182,
            0.00046022904899508895,
            0.001356451989577645,
            0.002482938904309916,
            0.0005299259098346371,
            0.0031236820504790303,
            0.001770072967003584,
            0.0014752019610917053,
            0.0025234970548267677,
            0.0011134554013093859,
            0.0020817393675557666,
            0.0012770968058005967,
            0.0006875172617655749,
            0.0006821184252542112,
            0.0008503959112449771,
            0.0005577793442828765,
            0.004012709113845565,
            0.0008063113793817602,
            0.00044742857024603966,
            0.000750926899000793,
            0.00048709599019687247,
            0.0008660178058896784,
            0.0015412919313786935,
            0.000675177871797742,
            0.0009665928346716799,
            0.0008406596840628192,
            0.0007357340671030236,
            0.0007426935752587427,
            0.0010348176552530343,
            0.0005332475789354813,
            0.0003916918457408881,
            0.002442771578355027,
            0.000924184164660754,
            0.00047755369527067217,
            0.0008802720711558102,
            0.0005025686788776005,
            0.0005606974742423615,
            0.0008641222529237637,
            0.0003750070472275528,
            0.00041732684691268146,
            0.001814694345295947,
            0.0007147589662340658,
            0.0008904682011258006,
            0.0006638866829956973,
            0.001478430812447841,
            0.0006886348831931072,
            0.0002851049076974087,
            0.000801641674667186,
            0.0005802522549286096,
            0.0003719973389279161,
            0.0008855037772678892,
            0.001487177331752658,
            0.0002597325124655097,
            0.0004711734297083265,
            0.00026511652110854854,
            0.00016767158833179497,
            0.00032416706132119236,
            0.0004596711866585537,
            0.0003284921261427554,
            0.00026563470908909733,
            0.0003112572519481417,
            0.0002140275798866445,
            0.0004379293183189382,
            0.00045704443582584816,
            0.0004166777778975345,
            0.00030837092114686845,
            0.0004209642823996378,
            0.00038941274544542176,
            0.00045484179291703416,
            0.00020906080320653043,
            0.0004685515032092405,
            0.0006702254572843372,
            0.0007978016944427632,
            0.00030112603679382746,
            0.00030307086244936237,
            0.0005761424201558087,
            0.0002284763055621665,
            0.0003873977778699125,
            0.00012652488382584266,
            0.0004608897236615658,
            0.00019133185425373471,
            0.00032058534949121686,
            0.00031655235385052907,
            0.0006237336849731824,
            0.0003304659545582189,
            0.000383518968550491,
            0.0002060132661186368,
            0.00018308937390408756,
            0.00038135506067442257,
            0.00018482898368912394,
            0.0002350743561254696,
            0.00029766937867475965,
            0.015456382468887057
        ]
    },
    "probaAware": true
}