{
  "state": "DONE",
  "preSearchDescription": {
    "gridLength": 9,
    "searchStrategy": "GRID",
    "importantParams": [
      {
        "name": "trees",
        "vals": [
          "100",
          "50",
          "150"
        ]
      },
      {
        "name": "depth",
        "vals": [
          "6",
          "14",
          "5"
        ]
      },
      {
        "name": "min_samples",
        "vals": [
          "1"
        ]
      }
    ]
  },
  "postSearchDescription": {
    "importantParams": [
      {
        "name": "trees",
        "val": "150"
      },
      {
        "name": "depth",
        "val": "14"
      },
      {
        "name": "min_samples",
        "val": "1"
      }
    ]
  },
  "resumed": false,
  "timeOrderingEnabled": false,
  "sampleWeightsEnabled": false,
  "modelId": "m1",
  "progress": {
    "top_level_todo": [],
    "stack": [],
    "top_level_done": [
      {
        "name": "Loading train set",
        "time": 170
      },
      {
        "name": "Loading test set",
        "time": 53
      },
      {
        "name": "Collecting statistics",
        "time": 75
      },
      {
        "name": "Preprocessing train set",
        "time": 206
      },
      {
        "name": "Preprocessing test set",
        "time": 84
      },
      {
        "name": "Hyperparameter searching",
        "time": 122366
      },
      {
        "name": "Fitting model",
        "time": 8383
      },
      {
        "name": "Saving model",
        "time": 2012
      },
      {
        "name": "Scoring model",
        "time": 3105
      },
      {
        "name": "Preparing explainability",
        "time": 8328
      }
    ]
  },
  "startTime": 1718714305010,
  "endTime": 1718714449812,
  "preprocessingTime": 592,
  "trainingTime": 144210,
  "hyperparamsSearchTime": 122366,
  "pythonVersion": "3.7.13"
}