{
    "modelInputNRows": 59435,
    "modelInputNCols": 263,
    "modelInputIsSparse": false,
    "modelInputMemory": 125051240,
    "rawImportance": {
        "variables": [
            "Height",
            "Age",
            "IMC",
            "dummy:NOC:USA",
            "dummy:NOC:JPN",
            "dummy:NOC:CHN",
            "dummy:NOC:URS",
            "dummy:NOC:RUS",
            "dummy:NOC:__Others__",
            "dummy:Sex:M",
            "dummy:City:Beijing",
            "dummy:City:Seoul",
            "dummy:Sport:Gymnastics",
            "dummy:Sport:Swimming",
            "dummy:Sport:Wrestling",
            "dummy:Sport:Shooting",
            "dummy:Sport:Taekwondo",
            "dummy:Event:Flyweight",
            "dummy:Event:Light-Heavyweight, Freestyle"
        ],
        "importances": [
            0.00257171897821549,
            0.01870414919655093,
            0.012243335329589631,
            0.1596170213086884,
            0.02437642100522679,
            0.020332805958478292,
            0.20725512750155123,
            0.0221047997394665,
            0.21600160277004532,
            0.020417112987919338,
            0.004625675341092319,
            0.003622865780385926,
            0.20454227365574687,
            0.011754184457963474,
            0.05660834449441408,
            0.004556701664618766,
            0.004737146906275242,
            0.0021898897888508032,
            0.003738823134920483
        ]
    },
    "probaAware": true
}