{
  "algorithm": "DECISION_TREE_CLASSIFICATION",
  "dtc_classifier_grid": {
    "max_depth": {
      "gridMode": "EXPLICIT",
      "randomMode": "RANGE",
      "limit": {
        "min": 1
      },
      "values": [
        5
      ],
      "range": {
        "min": 3,
        "max": 10,
        "nbValues": 3,
        "scaling": "LINEAR"
      }
    },
    "min_samples_leaf": {
      "gridMode": "EXPLICIT",
      "randomMode": "RANGE",
      "limit": {
        "min": 1
      },
      "values": [
        1
      ],
      "range": {
        "min": 1,
        "max": 20,
        "nbValues": 3,
        "scaling": "LINEAR"
      }
    },
    "criterion": {
      "values": {
        "entropy": {
          "enabled": false
        },
        "gini": {
          "enabled": true
        }
      }
    },
    "splitter": {
      "values": {
        "best": {
          "enabled": true
        },
        "random": {
          "enabled": false
        }
      }
    },
    "enabled": true
  },
  "max_ensemble_nodes_serialized": 0,
  "metrics": {
    "customMetrics": [],
    "evaluationMetric": "ROC_AUC",
    "thresholdOptimizationMetric": "F1",
    "costMatrixWeights": {
      "tpGain": 1.0,
      "tnGain": 0.0,
      "fpGain": -0.3,
      "fnGain": 0.0
    },
    "liftPoint": 0.4,
    "netUpliftPoint": 0.5,
    "causalWeighting": "NO_WEIGHTING"
  },
  "autoOptimizeThreshold": true,
  "forcedClassifierThreshold": 0.0,
  "gridLength": 1,
  "grid_search_params": {
    "mode": "KFOLD",
    "splitRatio": 0.8,
    "shuffleIterations": 1,
    "nFolds": 5,
    "cvSeed": 1337,
    "stratified": true,
    "grouped": false,
    "strategy": "GRID",
    "bayesianOptimizer": "SCIKIT_OPTIMIZE",
    "randomized": true,
    "seed": 1337,
    "nIter": 0,
    "nIterRandom": 5,
    "timeout": 0,
    "nJobs": 4,
    "distributed": false,
    "nContainers": 4,
    "foldOffset": true,
    "equalDurationFolds": false
  },
  "pluginAlgoCustomGridSearch": false,
  "computeLearningCurves": false,
  "skipExpensiveReports": false,
  "propensityModeling": {
    "enabled": true,
    "calibrateProbabilities": false,
    "calibrationDataRatio": 0.1
  }
}