{
  "state": "DONE",
  "preSearchDescription": {
    "gridLength": 1,
    "searchStrategy": "GRID",
    "importantParams": [
      {
        "name": "max_depth",
        "vals": [
          "5"
        ]
      },
      {
        "name": "min_samples",
        "vals": [
          "1"
        ]
      },
      {
        "name": "criterion",
        "vals": [
          "gini"
        ]
      }
    ]
  },
  "postSearchDescription": {
    "importantParams": [
      {
        "name": "criterion",
        "val": "gini"
      },
      {
        "name": "max_depth",
        "val": "5"
      },
      {
        "name": "min_samples",
        "val": "1"
      }
    ]
  },
  "resumed": false,
  "timeOrderingEnabled": false,
  "sampleWeightsEnabled": false,
  "modelId": "m1",
  "progress": {
    "top_level_todo": [],
    "stack": [],
    "top_level_done": [
      {
        "name": "Loading train set",
        "time": 230
      },
      {
        "name": "Loading test set",
        "time": 60
      },
      {
        "name": "Collecting statistics",
        "time": 92
      },
      {
        "name": "Preprocessing train set",
        "time": 253
      },
      {
        "name": "Preprocessing test set",
        "time": 81
      },
      {
        "name": "Fitting model",
        "time": 1339
      },
      {
        "name": "Saving model",
        "time": 14
      },
      {
        "name": "Scoring model",
        "time": 638
      },
      {
        "name": "Preparing explainability",
        "time": 3193
      }
    ]
  },
  "startTime": 1718712914714,
  "endTime": 1718712920623,
  "preprocessingTime": 719,
  "trainingTime": 5190,
  "hyperparamsSearchTime": 0,
  "pythonVersion": "3.7.13"
}