{
    "tree": {
        "leftChild": [
            1,
            2,
            3,
            4,
            5,
            -1,
            -1,
            8,
            -1,
            -1,
            11,
            12,
            -1,
            -1,
            15,
            -1,
            -1,
            18,
            19,
            20,
            -1,
            -1,
            23,
            -1,
            -1,
            26,
            27,
            -1,
            -1,
            -1,
            31,
            32,
            33,
            34,
            -1,
            -1,
            37,
            -1,
            -1,
            40,
            -1,
            42,
            -1,
            -1,
            45,
            -1,
            47,
            48,
            -1,
            -1,
            51,
            -1,
            -1
        ],
        "rightChild": [
            30,
            17,
            10,
            7,
            6,
            -1,
            -1,
            9,
            -1,
            -1,
            14,
            13,
            -1,
            -1,
            16,
            -1,
            -1,
            25,
            22,
            21,
            -1,
            -1,
            24,
            -1,
            -1,
            29,
            28,
            -1,
            -1,
            -1,
            44,
            39,
            36,
            35,
            -1,
            -1,
            38,
            -1,
            -1,
            41,
            -1,
            43,
            -1,
            -1,
            46,
            -1,
            50,
            49,
            -1,
            -1,
            52,
            -1,
            -1
        ],
        "impurity": [
            0.49999999999862366,
            0.4981152467583563,
            0.4950337292788054,
            0.4989012852008755,
            0.49991513791757436,
            0.49980854785669127,
            0.44605611049100347,
            0.2752768599089094,
            0.3592134722810303,
            0.17408676765341558,
            0.33878535051659875,
            0.30544593225208283,
            0.3504049632065104,
            0.18140333273831477,
            0.48729430379660554,
            0.4955112112881035,
            0.04678783698750766,
            0.20024842555021327,
            0.1848221853870683,
            0.1575200047179971,
            0.14946014023130494,
            0.31656942746891503,
            0.4470692854352343,
            0.3095708521598749,
            0.49595403202551835,
            0.4992057447026833,
            0.4704760653718656,
            0.35160815533346146,
            6.106226635438361e-15,
            0.0,
            0.40676892285314803,
            0.363475502997902,
            0.33594818857119135,
            0.31223070321186386,
            0.28921615984317295,
            0.48238844053282504,
            0.49829537715294103,
            0.4954276795016972,
            0.2659533447803609,
            0.4995636261076988,
            0.0,
            0.45497549356366385,
            0.43941775892599133,
            1.0347278589506459e-13,
            0.35379599393988936,
            0.0,
            0.34257474036661884,
            0.22243172311579829,
            0.4713880780841051,
            0.15515894636035976,
            0.4040983388079661,
            0.3546618214583256,
            0.37204051829113227
        ],
        "threshold": [
            0.5,
            0.5,
            0.5,
            0.5,
            0.5,
            -2.0,
            -2.0,
            23.61000000324281,
            -2.0,
            -2.0,
            29.49999991382779,
            0.5,
            -2.0,
            -2.0,
            0.5,
            -2.0,
            -2.0,
            0.5,
            0.5,
            0.5,
            -2.0,
            -2.0,
            37.5000001750096,
            -2.0,
            -2.0,
            23.319999990533628,
            0.5,
            -2.0,
            -2.0,
            -2.0,
            0.5,
            0.5,
            0.5,
            0.5,
            -2.0,
            -2.0,
            0.5,
            -2.0,
            -2.0,
            0.5,
            -2.0,
            0.5,
            -2.0,
            -2.0,
            146.5000006970634,
            -2.0,
            20.394999966356508,
            17.500000001929987,
            -2.0,
            -2.0,
            21.26500000448405,
            -2.0,
            -2.0
        ],
        "nSamples": [
            59435,
            49413,
            45686,
            42995,
            41960,
            39059,
            2901,
            1035,
            643,
            392,
            2691,
            2163,
            1696,
            467,
            528,
            518,
            10,
            3727,
            3675,
            3486,
            3479,
            7,
            189,
            132,
            57,
            52,
            36,
            20,
            16,
            16,
            10022,
            9671,
            9120,
            8768,
            8553,
            215,
            352,
            320,
            32,
            551,
            214,
            337,
            308,
            29,
            351,
            15,
            336,
            97,
            29,
            68,
            239,
            35,
            204
        ],
        "feature": [
            135,
            106,
            4,
            15,
            138,
            -2,
            -2,
            3,
            -2,
            -2,
            2,
            136,
            -2,
            -2,
            136,
            -2,
            -2,
            151,
            139,
            252,
            -2,
            -2,
            2,
            -2,
            -2,
            3,
            209,
            -2,
            -2,
            -2,
            15,
            7,
            14,
            16,
            -2,
            -2,
            112,
            -2,
            -2,
            107,
            -2,
            117,
            -2,
            -2,
            1,
            -2,
            3,
            2,
            -2,
            -2,
            3,
            -2,
            -2
        ],
        "probas": [
            [
                0.5000000000001363,
                0.49999999999986366
            ],
            [
                0.4693018466292953,
                0.5306981533707047
            ],
            [
                0.45016893177795403,
                0.5498310682220459
            ],
            [
                0.4765616255009613,
                0.5234383744990387
            ],
            [
                0.49348608866966553,
                0.5065139113303345
            ],
            [
                0.5097839701260896,
                0.4902160298739105
            ],
            [
                0.33576862433344423,
                0.6642313756665558
            ],
            [
                0.1647962260880198,
                0.8352037739119802
            ],
            [
                0.23468271096761686,
                0.765317289032383
            ],
            [
                0.09632114723049541,
                0.9036788527695045
            ],
            [
                0.2160857088119017,
                0.7839142911880983
            ],
            [
                0.18810733597280804,
                0.811892664027192
            ],
            [
                0.22650865023413974,
                0.7734913497658602
            ],
            [
                0.1008780466689111,
                0.8991219533310889
            ],
            [
                0.4202952441724676,
                0.5797047558275324
            ],
            [
                0.45262496062324337,
                0.5473750393767565
            ],
            [
                0.023968402827874758,
                0.9760315971721252
            ],
            [
                0.8871379434001918,
                0.11286205659980827
            ],
            [
                0.896974693534078,
                0.10302530646592208
            ],
            [
                0.9138115484625932,
                0.08618845153740674
            ],
            [
                0.9186525168733042,
                0.08134748312669589
            ],
            [
                0.19715468260914715,
                0.8028453173908529
            ],
            [
                0.6626817669020628,
                0.3373182330979372
            ],
            [
                0.8085685886801531,
                0.1914314113198468
            ],
            [
                0.4550224057197524,
                0.5449775942802476
            ],
            [
                0.4800719381608503,
                0.5199280618391497
            ],
            [
                0.37850116332216316,
                0.6214988366778368
            ],
            [
                0.2276107154580615,
                0.7723892845419384
            ],
            [
                1.0,
                0.0
            ],
            [
                1.0,
                0.0
            ],
            [
                0.7159063189685015,
                0.2840936810314985
            ],
            [
                0.7612704508760229,
                0.23872954912397715
            ],
            [
                0.7864016510328106,
                0.21359834896718935
            ],
            [
                0.8064060188605765,
                0.19359398113942358
            ],
            [
                0.8246412174668136,
                0.17535878253318637
            ],
            [
                0.40616088377690074,
                0.5938391162230993
            ],
            [
                0.4708056268521226,
                0.5291943731478773
            ],
            [
                0.5478138081431774,
                0.4521861918568226
            ],
            [
                0.15791327472434197,
                0.8420867252756581
            ],
            [
                0.48522884750182355,
                0.5147711524981764
            ],
            [
                1.0,
                0.0
            ],
            [
                0.34995916149871703,
                0.6500408385012829
            ],
            [
                0.32595655560462977,
                0.6740434443953702
            ],
            [
                1.0,
                0.0
            ],
            [
                0.22962617909652128,
                0.7703738209034787
            ],
            [
                1.0,
                0.0
            ],
            [
                0.21944228790373815,
                0.7805577120962619
            ],
            [
                0.12746256773030176,
                0.8725374322696983
            ],
            [
                0.38039247114856184,
                0.6196075288514381
            ],
            [
                0.08476449234221414,
                0.9152355076577858
            ],
            [
                0.2810232190481889,
                0.7189767809518112
            ],
            [
                0.7695720483856546,
                0.23042795161434546
            ],
            [
                0.2470578310078877,
                0.7529421689921123
            ]
        ],
        "targetClassesProportions": [
            [
                0.9105577521662764,
                0.08944224783372356
            ],
            [
                0.9000263088661304,
                0.09997369113386963
            ],
            [
                0.8928774679333252,
                0.10712253206667473
            ],
            [
                0.902616583323679,
                0.09738341667632103
            ],
            [
                0.9084127740705777,
                0.09158722592942233
            ],
            [
                0.9136946670421973,
                0.08630533295780263
            ],
            [
                0.8372974836263349,
                0.16270251637366512
            ],
            [
                0.6676328502415444,
                0.3323671497584556
            ],
            [
                0.757387247278381,
                0.24261275272161895
            ],
            [
                0.5204081632653067,
                0.4795918367346934
            ],
            [
                0.7372723894462951,
                0.2627276105537048
            ],
            [
                0.702265372168277,
                0.29773462783172305
            ],
            [
                0.7488207547169765,
                0.2511792452830235
            ],
            [
                0.5331905781584577,
                0.4668094218415423
            ],
            [
                0.8806818181818171,
                0.11931818181818289
            ],
            [
                0.8938223938223928,
                0.10617760617760715
            ],
            [
                0.19999999999999996,
                0.8
            ],
            [
                0.9876576334853776,
                0.012342366514622428
            ],
            [
                0.9888435374149666,
                0.01115646258503349
            ],
            [
                0.9908204245553647,
                0.009179575444635293
            ],
            [
                0.9913768324231105,
                0.008623167576889544
            ],
            [
                0.7142857142857143,
                0.2857142857142857
            ],
            [
                0.9523809523809524,
                0.04761904761904754
            ],
            [
                0.9772727272727273,
                0.022727272727272693
            ],
            [
                0.8947368421052633,
                0.10526315789473678
            ],
            [
                0.9038461538461539,
                0.09615384615384612
            ],
            [
                0.861111111111111,
                0.13888888888888895
            ],
            [
                0.75,
                0.2500000000000001
            ],
            [
                1.0,
                0.0
            ],
            [
                1.0,
                0.0
            ],
            [
                0.9624825384154824,
                0.03751746158451759
            ],
            [
                0.9701168441732994,
                0.029883155826700616
            ],
            [
                0.9740131578947357,
                0.02598684210526415
            ],
            [
                0.9769616788321165,
                0.02303832116788349
            ],
            [
                0.9795393429206127,
                0.02046065707938725
            ],
            [
                0.874418604651163,
                0.12558139534883697
            ],
            [
                0.9005681818181814,
                0.09943181818181857
            ],
            [
                0.9249999999999998,
                0.07500000000000022
            ],
            [
                0.6562499999999998,
                0.34375000000000017
            ],
            [
                0.9056261343012697,
                0.09437386569873024
            ],
            [
                1.0,
                0.0
            ],
            [
                0.8456973293768543,
                0.15430267062314568
            ],
            [
                0.8311688311688311,
                0.1688311688311688
            ],
            [
                1.0,
                0.0
            ],
            [
                0.7521367521367521,
                0.24786324786324795
            ],
            [
                1.0,
                0.0
            ],
            [
                0.7410714285714288,
                0.25892857142857123
            ],
            [
                0.5979381443298972,
                0.40206185567010283
            ],
            [
                0.8620689655172413,
                0.1379310344827587
            ],
            [
                0.48529411764705893,
                0.5147058823529412
            ],
            [
                0.7991631799163184,
                0.20083682008368164
            ],
            [
                0.9714285714285714,
                0.028571428571428577
            ],
            [
                0.7696078431372553,
                0.2303921568627447
            ]
        ]
    },
    "featureNames": [
        "Weight",
        "Height",
        "Age",
        "IMC",
        "dummy:NOC:USA",
        "dummy:NOC:GBR",
        "dummy:NOC:FRA",
        "dummy:NOC:JPN",
        "dummy:NOC:AUS",
        "dummy:NOC:CAN",
        "dummy:NOC:ITA",
        "dummy:NOC:GER",
        "dummy:NOC:HUN",
        "dummy:NOC:POL",
        "dummy:NOC:CHN",
        "dummy:NOC:URS",
        "dummy:NOC:RUS",
        "dummy:NOC:ESP",
        "dummy:NOC:ROU",
        "dummy:NOC:BUL",
        "dummy:NOC:KOR",
        "dummy:NOC:SWE",
        "dummy:NOC:FIN",
        "dummy:NOC:SUI",
        "dummy:NOC:FRG",
        "dummy:NOC:BRA",
        "dummy:NOC:UKR",
        "dummy:NOC:MEX",
        "dummy:NOC:GDR",
        "dummy:NOC:CUB",
        "dummy:NOC:NED",
        "dummy:NOC:TCH",
        "dummy:NOC:BEL",
        "dummy:NOC:GRE",
        "dummy:NOC:AUT",
        "dummy:NOC:BLR",
        "dummy:NOC:ARG",
        "dummy:NOC:NZL",
        "dummy:NOC:POR",
        "dummy:NOC:TUR",
        "dummy:NOC:DEN",
        "dummy:NOC:TPE",
        "dummy:NOC:CZE",
        "dummy:NOC:NOR",
        "dummy:NOC:COL",
        "dummy:NOC:IRL",
        "dummy:NOC:KAZ",
        "dummy:NOC:YUG",
        "dummy:NOC:RSA",
        "dummy:NOC:VEN",
        "dummy:NOC:JAM",
        "dummy:NOC:EGY",
        "dummy:NOC:IRI",
        "dummy:NOC:KEN",
        "dummy:NOC:THA",
        "dummy:NOC:PRK",
        "dummy:NOC:IND",
        "dummy:NOC:MGL",
        "dummy:NOC:PUR",
        "dummy:NOC:NGR",
        "dummy:NOC:ISR",
        "dummy:NOC:PHI",
        "dummy:NOC:HKG",
        "dummy:NOC:UZB",
        "dummy:NOC:ALG",
        "dummy:NOC:MAR",
        "dummy:NOC:SVK",
        "dummy:NOC:LTU",
        "dummy:NOC:SLO",
        "dummy:NOC:LAT",
        "dummy:NOC:CRO",
        "dummy:NOC:LUX",
        "dummy:NOC:ETH",
        "dummy:NOC:TUN",
        "dummy:NOC:MAS",
        "dummy:NOC:CHI",
        "dummy:NOC:EUN",
        "dummy:NOC:EST",
        "dummy:NOC:ECU",
        "dummy:NOC:GEO",
        "dummy:NOC:AZE",
        "dummy:NOC:PER",
        "dummy:NOC:GUA",
        "dummy:NOC:BAH",
        "dummy:NOC:TTO",
        "dummy:NOC:INA",
        "dummy:NOC:ISL",
        "dummy:NOC:ZIM",
        "dummy:NOC:SGP",
        "dummy:NOC:SEN",
        "dummy:NOC:UGA",
        "dummy:NOC:URU",
        "dummy:NOC:KGZ",
        "dummy:NOC:ARM",
        "dummy:NOC:MDA",
        "dummy:NOC:BAR",
        "dummy:NOC:SRB",
        "dummy:NOC:LIB",
        "dummy:NOC:PAK",
        "dummy:NOC:KUW",
        "dummy:NOC:CMR",
        "dummy:NOC:ESA",
        "dummy:NOC:DOM",
        "dummy:NOC:ISV",
        "dummy:NOC:GHA",
        "dummy:NOC:N/A",
        "dummy:NOC:__Others__",
        "dummy:Sex:M",
        "dummy:Sex:F",
        "dummy:Sex:N/A",
        "dummy:Sex:__Others__",
        "dummy:City:Rio de Janeiro",
        "dummy:City:Beijing",
        "dummy:City:Athina",
        "dummy:City:Sydney",
        "dummy:City:London",
        "dummy:City:Atlanta",
        "dummy:City:Seoul",
        "dummy:City:Barcelona",
        "dummy:City:Munich",
        "dummy:City:Los Angeles",
        "dummy:City:Mexico City",
        "dummy:City:Tokyo",
        "dummy:City:Roma",
        "dummy:City:Montreal",
        "dummy:City:Moskva",
        "dummy:City:Melbourne",
        "dummy:City:Helsinki",
        "dummy:City:N/A",
        "dummy:City:__Others__",
        "dummy:City_in_Country:False",
        "dummy:City_in_Country:True",
        "dummy:City_in_Country:N/A",
        "dummy:City_in_Country:__Others__",
        "dummy:Sport:Athletics",
        "dummy:Sport:Gymnastics",
        "dummy:Sport:Swimming",
        "dummy:Sport:Cycling",
        "dummy:Sport:Wrestling",
        "dummy:Sport:Shooting",
        "dummy:Sport:Boxing",
        "dummy:Sport:Judo",
        "dummy:Sport:Fencing",
        "dummy:Sport:Weightlifting",
        "dummy:Sport:Canoeing",
        "dummy:Sport:Diving",
        "dummy:Sport:Archery",
        "dummy:Sport:Tennis",
        "dummy:Sport:Table Tennis",
        "dummy:Sport:Sailing",
        "dummy:Sport:Modern Pentathlon",
        "dummy:Sport:Taekwondo",
        "dummy:Sport:Badminton",
        "dummy:Sport:Triathlon",
        "dummy:Sport:Rowing",
        "dummy:Sport:Rhythmic Gymnastics",
        "dummy:Sport:Trampolining",
        "dummy:Sport:Golf",
        "dummy:Sport:N/A",
        "dummy:Sport:__Others__",
        "dummy:Event:Floor Exercise",
        "dummy:Event:Individual",
        "dummy:Event:Individual All-Around",
        "dummy:Event:Road Race, Individual",
        "dummy:Event:Singles",
        "dummy:Event:Horse Vault",
        "dummy:Event:Marathon",
        "dummy:Event:100 metres",
        "dummy:Event:200 metres",
        "dummy:Event:100 metres Freestyle",
        "dummy:Event:400 metres",
        "dummy:Event:Lightweight",
        "dummy:Event:Balance Beam",
        "dummy:Event:800 metres",
        "dummy:Event:Parallel Bars",
        "dummy:Event:Pommelled Horse",
        "dummy:Event:Horizontal Bar",
        "dummy:Event:Rings",
        "dummy:Event:Foil, Individual",
        "dummy:Event:Uneven Bars",
        "dummy:Event:Middleweight",
        "dummy:Event:1,500 metres",
        "dummy:Event:100 metres Butterfly",
        "dummy:Event:100 metres Backstroke",
        "dummy:Event:Long Jump",
        "dummy:Event:Heavyweight",
        "dummy:Event:200 metres Freestyle",
        "dummy:Event:100 metres Breaststroke",
        "dummy:Event:400 metres Freestyle",
        "dummy:Event:High Jump",
        "dummy:Event:epee, Individual",
        "dummy:Event:50 metres Freestyle",
        "dummy:Event:200 metres Breaststroke",
        "dummy:Event:20 kilometres Walk",
        "dummy:Event:5,000 metres",
        "dummy:Event:Discus Throw",
        "dummy:Event:10,000 metres",
        "dummy:Event:Javelin Throw",
        "dummy:Event:400 metres Hurdles",
        "dummy:Event:200 metres Individual Medley",
        "dummy:Event:Featherweight",
        "dummy:Event:Air Rifle, 10 metres",
        "dummy:Event:200 metres Backstroke",
        "dummy:Event:Springboard",
        "dummy:Event:Shot Put",
        "dummy:Event:200 metres Butterfly",
        "dummy:Event:Platform",
        "dummy:Event:Triple Jump",
        "dummy:Event:Sabre, Individual",
        "dummy:Event:Flyweight",
        "dummy:Event:400 metres Individual Medley",
        "dummy:Event:Bantamweight",
        "dummy:Event:3,000 metres Steeplechase",
        "dummy:Event:Light-Heavyweight",
        "dummy:Event:Hammer Throw",
        "dummy:Event:50 kilometres Walk",
        "dummy:Event:Air Pistol, 10 metres",
        "dummy:Event:Small-Bore Rifle, Prone, 50 metres",
        "dummy:Event:Pole Vault",
        "dummy:Event:110 metres Hurdles",
        "dummy:Event:Welterweight",
        "dummy:Event:Decathlon",
        "dummy:Event:Olympic Distance",
        "dummy:Event:Single Sculls",
        "dummy:Event:Sprint",
        "dummy:Event:Free Pistol, 50 metres",
        "dummy:Event:Half-Middleweight",
        "dummy:Event:Mountainbike, Cross-Country",
        "dummy:Event:Windsurfer",
        "dummy:Event:Trap",
        "dummy:Event:1,500 metres Freestyle",
        "dummy:Event:Kayak Singles, 500 metres",
        "dummy:Event:Extra-Lightweight",
        "dummy:Event:Half-Heavyweight",
        "dummy:Event:Light-Welterweight",
        "dummy:Event:Half-Lightweight",
        "dummy:Event:One Person Dinghy",
        "dummy:Event:Kayak Singles, Slalom",
        "dummy:Event:100 metres Hurdles",
        "dummy:Event:Middleweight, Freestyle",
        "dummy:Event:Lightweight, Freestyle",
        "dummy:Event:Super-Heavyweight",
        "dummy:Event:Rapid-Fire Pistol, 25 metres",
        "dummy:Event:Individual Time Trial",
        "dummy:Event:Skeet",
        "dummy:Event:Kayak Singles, 1,000 metres",
        "dummy:Event:Light-Flyweight",
        "dummy:Event:Sporting Pistol, 25 metres",
        "dummy:Event:800 metres Freestyle",
        "dummy:Event:Featherweight, Freestyle",
        "dummy:Event:Featherweight, Greco-Roman",
        "dummy:Event:Welterweight, Freestyle",
        "dummy:Event:Light-Heavyweight, Freestyle",
        "dummy:Event:Light-Middleweight",
        "dummy:Event:Welterweight, Greco-Roman",
        "dummy:Event:Heavyweight, Freestyle",
        "dummy:Event:1,000 metres Time Trial",
        "dummy:Event:Heptathlon",
        "dummy:Event:Lightweight, Greco-Roman",
        "dummy:Event:Middleweight, Greco-Roman",
        "dummy:Event:Light-Heavyweight, Greco-Roman",
        "dummy:Event:N/A",
        "dummy:Event:__Others__"
    ]
}