{
    "perClassFacts": {
        "unique": {
            "NOC": {
                "impact": 0.31443559059826737,
                "rank": 1,
                "feature": "NOC",
                "positiveCategoricalValue": "USA",
                "negativeCategoricalValue": "GBR",
                "infoGain": 0.5504640976553948,
                "type": "CATEGORICAL"
            },
            "Sport": {
                "impact": 0.26218993727984424,
                "rank": 2,
                "feature": "Sport",
                "positiveCategoricalValue": "Swimming",
                "negativeCategoricalValue": "Gymnastics",
                "infoGain": 0.5688215223546264,
                "type": "CATEGORICAL"
            },
            "Sex": {
                "impact": 0.0212685999597636,
                "rank": 7,
                "feature": "Sex",
                "positiveCategoricalValue": "F",
                "negativeCategoricalValue": "M",
                "infoGain": 0.6247092332786717,
                "type": "CATEGORICAL"
            }
        }
    }
}