{
  "state": "DONE",
  "preSearchDescription": {
    "gridLength": 1,
    "searchStrategy": "GRID",
    "importantParams": [
      {
        "name": "trees",
        "vals": [
          "100"
        ]
      },
      {
        "name": "learning_rate",
        "vals": [
          "0.1"
        ]
      },
      {
        "name": "max_depth",
        "vals": [
          "3"
        ]
      }
    ]
  },
  "postSearchDescription": {
    "importantParams": [
      {
        "name": "trees",
        "val": "100"
      },
      {
        "name": "learning_rate",
        "val": "0.1"
      },
      {
        "name": "max_depth",
        "val": "3"
      }
    ]
  },
  "resumed": false,
  "timeOrderingEnabled": false,
  "sampleWeightsEnabled": false,
  "modelId": "m1",
  "progress": {
    "top_level_todo": [],
    "stack": [],
    "top_level_done": [
      {
        "name": "Loading train set",
        "time": 240
      },
      {
        "name": "Loading test set",
        "time": 61
      },
      {
        "name": "Collecting statistics",
        "time": 89
      },
      {
        "name": "Preprocessing train set",
        "time": 254
      },
      {
        "name": "Preprocessing test set",
        "time": 90
      },
      {
        "name": "Fitting model",
        "time": 7346
      },
      {
        "name": "Saving model",
        "time": 157
      },
      {
        "name": "Scoring model",
        "time": 2187
      },
      {
        "name": "Preparing explainability",
        "time": 5239
      }
    ]
  },
  "startTime": 1718712902268,
  "endTime": 1718712917945,
  "preprocessingTime": 738,
  "trainingTime": 14939,
  "hyperparamsSearchTime": 0,
  "pythonVersion": "3.7.13"
}