{
    "featuresDistribution": {
        "NOC": {
            "type": "CATEGORY",
            "nbDistinct": 222,
            "count": 59435,
            "missingCount": 0.0,
            "values": {
                "scale": [
                    "USA",
                    "GBR",
                    "FRA",
                    "JPN",
                    "AUS",
                    "CAN",
                    "ITA",
                    "GER",
                    "HUN",
                    "POL",
                    "CHN",
                    "URS",
                    "RUS",
                    "ESP",
                    "ROU",
                    "BUL",
                    "KOR",
                    "SWE",
                    "FIN",
                    "SUI",
                    "FRG",
                    "BRA",
                    "UKR",
                    "MEX",
                    "GDR",
                    "CUB",
                    "NED",
                    "TCH",
                    "BEL",
                    "GRE",
                    "AUT",
                    "BLR",
                    "ARG",
                    "NZL",
                    "POR",
                    "TUR",
                    "DEN",
                    "TPE",
                    "CZE",
                    "NOR",
                    "COL",
                    "IRL",
                    "KAZ",
                    "YUG",
                    "RSA",
                    "VEN",
                    "JAM",
                    "EGY",
                    "IRI",
                    "KEN",
                    "THA",
                    "PRK",
                    "IND",
                    "MGL",
                    "PUR",
                    "NGR",
                    "ISR",
                    "PHI",
                    "HKG",
                    "UZB",
                    "ALG",
                    "MAR",
                    "SVK",
                    "LTU",
                    "SLO",
                    "LAT",
                    "CRO",
                    "LUX",
                    "ETH",
                    "TUN",
                    "MAS",
                    "CHI",
                    "EUN",
                    "EST",
                    "ECU",
                    "GEO",
                    "AZE",
                    "PER",
                    "GUA",
                    "BAH",
                    "TTO",
                    "INA",
                    "ISL",
                    "ZIM",
                    "SGP",
                    "SEN",
                    "UGA",
                    "URU",
                    "KGZ",
                    "ARM",
                    "MDA",
                    "BAR",
                    "SRB",
                    "LIB",
                    "PAK",
                    "KUW",
                    "CMR",
                    "ESA",
                    "DOM",
                    "ISV",
                    "GHA",
                    "CRC",
                    "VIE",
                    "CYP",
                    "FIJ",
                    "TAN",
                    "ZAM",
                    "KSA",
                    "SCG",
                    "SRI",
                    "PAN",
                    "CIV",
                    "QAT",
                    "SEY",
                    "MAD",
                    "ANG",
                    "SMR",
                    "MRI",
                    "BRN",
                    "PNG",
                    "NCA",
                    "GUY",
                    "IRQ",
                    "MYA",
                    "BOL",
                    "ANT",
                    "HAI",
                    "PAR",
                    "SYR",
                    "HON",
                    "BER",
                    "MLT",
                    "LIE",
                    "MAW",
                    "UAE",
                    "NEP",
                    "CGO",
                    "TJK",
                    "SWZ",
                    "SLE",
                    "NAM",
                    "GUM",
                    "CAY",
                    "MOZ",
                    "BOT",
                    "BIZ",
                    "SUD",
                    "IOA",
                    "BIH",
                    "TKM",
                    "GUI",
                    "MON",
                    "TOG",
                    "LES",
                    "JOR",
                    "SUR",
                    "GAB",
                    "AHO",
                    "MKD",
                    "BAN",
                    "COD",
                    "MLI",
                    "CAM",
                    "LAO",
                    "COK",
                    "SAM",
                    "ALB",
                    "OMA",
                    "ERI",
                    "BEN",
                    "LBR",
                    "BDI",
                    "MDV",
                    "GRN",
                    "AND",
                    "AFG",
                    "RWA",
                    "BUR",
                    "ARU",
                    "FSM",
                    "TGA",
                    "VNM",
                    "LBA",
                    "CHA",
                    "CAF",
                    "VAN",
                    "YEM",
                    "SKN",
                    "GEQ",
                    "BHU",
                    "IVB",
                    "DJI",
                    "GAM",
                    "MTN",
                    "PLE",
                    "PLW",
                    "GBS",
                    "COM",
                    "ASA",
                    "STP",
                    "MNE",
                    "VIN",
                    "CPV",
                    "SOM",
                    "LCA",
                    "YAR",
                    "NIG",
                    "BRU",
                    "DMA",
                    "KIR",
                    "SOL",
                    "KOS",
                    "ROT",
                    "MHL",
                    "WIF",
                    "NRU",
                    "MAL",
                    "RHO",
                    "TLS",
                    "SAA",
                    "YMD",
                    "SSD"
                ],
                "distribution": [
                    0.055287288634642884,
                    0.03905106418776815,
                    0.03482796332127534,
                    0.032842601160932114,
                    0.031059140237233954,
                    0.029982333641793556,
                    0.029763607302094725,
                    0.02937662993185833,
                    0.027609994111213933,
                    0.025961134011945823,
                    0.024716076385967865,
                    0.0233195928325061,
                    0.021468831496592917,
                    0.02119962984773282,
                    0.01914696727517456,
                    0.01902919155379827,
                    0.018423487843863044,
                    0.016808277950702447,
                    0.015580045427778246,
                    0.015344493985025659,
                    0.014149911668208968,
                    0.013863884916295113,
                    0.0138302347101876,
                    0.013476907546058719,
                    0.013022629763607301,
                    0.012702952805585935,
                    0.012248675023134517,
                    0.012248675023134517,
                    0.01011188693530748,
                    0.010095061832253723,
                    0.009287456885673425,
                    0.009203331370404643,
                    0.008530327248254395,
                    0.008210650290233028,
                    0.007958273744426685,
                    0.007352570034491461,
                    0.007285269622276437,
                    0.007285269622276437,
                    0.007201144107007656,
                    0.007100193488685118,
                    0.007083368385631362,
                    0.00678051653066375,
                    0.0066963910153949695,
                    0.00656179019096492,
                    0.005636409523008329,
                    0.005535458904685792,
                    0.005400858080255742,
                    0.0052326070497181795,
                    0.005064356019180617,
                    0.004946580297804324,
                    0.004811979473374275,
                    0.004795154370320518,
                    0.0046100782367292,
                    0.004324051484815345,
                    0.004307226381761588,
                    0.004290401278707832,
                    0.004189450660385295,
                    0.004071674939009002,
                    0.004071674939009002,
                    0.003953899217632708,
                    0.003937074114578952,
                    0.0038192983932026584,
                    0.0037856481870951458,
                    0.003533271641288803,
                    0.003297720198536216,
                    0.003213594683267435,
                    0.0030621687557836294,
                    0.0030285185496761167,
                    0.0030116934466223604,
                    0.0030116934466223604,
                    0.002978043240514848,
                    0.002944393034407336,
                    0.0029107428282998233,
                    0.0027424917977622613,
                    0.0026751913855472364,
                    0.0026415411794397242,
                    0.0026078909733322116,
                    0.0025910658702784557,
                    0.002490115251955918,
                    0.0024059897366871374,
                    0.0024059897366871374,
                    0.0023386893244721125,
                    0.002288214015310844,
                    0.0020190123664507445,
                    0.0019853621603432322,
                    0.0019517119542357196,
                    0.001884411542020695,
                    0.0018507613359131825,
                    0.0017666358206444015,
                    0.0017161605114831328,
                    0.0016993354084293766,
                    0.0016656852023218642,
                    0.001648860099268108,
                    0.0016320349962143518,
                    0.0015815596870530832,
                    0.0015479094809455708,
                    0.0015310843778918147,
                    0.0015310843778918147,
                    0.0015310843778918147,
                    0.0015142592748380583,
                    0.0015142592748380583,
                    0.0014469588626230335,
                    0.0014301337595692774,
                    0.0014301337595692774,
                    0.0013796584504080088,
                    0.0012618827290317154,
                    0.0011945823168166905,
                    0.0011777572137629342,
                    0.001160932110709178,
                    0.001144107007655422,
                    0.0011272819046016657,
                    0.0010936316984941532,
                    0.0010936316984941532,
                    0.0010095061832253722,
                    0.0009926810801716161,
                    0.0009590308740641037,
                    0.0009590308740641037,
                    0.0009422057710103475,
                    0.0009422057710103475,
                    0.000908555564902835,
                    0.0008917304618490788,
                    0.0008749053587953226,
                    0.000824430049634054,
                    0.0008076049465802978,
                    0.0007907798435265416,
                    0.0007907798435265416,
                    0.0007907798435265416,
                    0.0007739547404727854,
                    0.0007739547404727854,
                    0.0007739547404727854,
                    0.0007571296374190292,
                    0.0007571296374190292,
                    0.0007234794313115167,
                    0.0007066543282577606,
                    0.0006898292252040044,
                    0.000656179019096492,
                    0.000656179019096492,
                    0.0006393539160427358,
                    0.0006393539160427358,
                    0.0006393539160427358,
                    0.0006225288129889795,
                    0.0006225288129889795,
                    0.0005888786068814671,
                    0.0005888786068814671,
                    0.0005888786068814671,
                    0.000572053503827711,
                    0.000572053503827711,
                    0.000572053503827711,
                    0.0005552284007739548,
                    0.0005384032977201986,
                    0.0005384032977201986,
                    0.0005384032977201986,
                    0.0005215781946664423,
                    0.0005215781946664423,
                    0.0005215781946664423,
                    0.0005047530916126861,
                    0.0004879279885589299,
                    0.0004879279885589299,
                    0.0004879279885589299,
                    0.00047110288550517373,
                    0.00047110288550517373,
                    0.00047110288550517373,
                    0.0004542777824514175,
                    0.0004542777824514175,
                    0.0004542777824514175,
                    0.0004542777824514175,
                    0.0004542777824514175,
                    0.0004542777824514175,
                    0.0004542777824514175,
                    0.00042062757634390513,
                    0.0004038024732901489,
                    0.0003869773702363927,
                    0.0003869773702363927,
                    0.0003869773702363927,
                    0.0003701522671826365,
                    0.0003533271641288803,
                    0.0003533271641288803,
                    0.0003533271641288803,
                    0.0003365020610751241,
                    0.0003196769580213679,
                    0.0003196769580213679,
                    0.0003196769580213679,
                    0.0003196769580213679,
                    0.00030285185496761166,
                    0.00030285185496761166,
                    0.0002860267519138555,
                    0.0002860267519138555,
                    0.0002860267519138555,
                    0.0002860267519138555,
                    0.00025237654580634306,
                    0.00025237654580634306,
                    0.00025237654580634306,
                    0.00023555144275258687,
                    0.00023555144275258687,
                    0.00023555144275258687,
                    0.00023555144275258687,
                    0.00020190123664507446,
                    0.00020190123664507446,
                    0.00018507613359131824,
                    0.00016825103053756205,
                    0.00016825103053756205,
                    0.00016825103053756205,
                    0.00016825103053756205,
                    0.00016825103053756205,
                    0.00016825103053756205,
                    0.00013460082443004964,
                    0.00013460082443004964,
                    0.00011777572137629343,
                    0.00011777572137629343,
                    0.00011777572137629343,
                    0.00011777572137629343,
                    0.00011777572137629343,
                    0.00011777572137629343,
                    0.00011777572137629343,
                    0.00011777572137629343,
                    0.00010095061832253723,
                    0.00010095061832253723,
                    0.00010095061832253723,
                    5.0475309161268614e-05,
                    3.365020610751241e-05,
                    3.365020610751241e-05,
                    3.365020610751241e-05
                ]
            }
        },
        "Sex": {
            "type": "CATEGORY",
            "nbDistinct": 2,
            "count": 59435,
            "missingCount": 0.0,
            "values": {
                "scale": [
                    "M",
                    "F"
                ],
                "distribution": [
                    0.6622192310927905,
                    0.33778076890720954
                ]
            }
        },
        "City": {
            "type": "CATEGORY",
            "nbDistinct": 17,
            "count": 59435,
            "missingCount": 0.0,
            "values": {
                "scale": [
                    "Rio de Janeiro",
                    "Beijing",
                    "Athina",
                    "Sydney",
                    "London",
                    "Atlanta",
                    "Seoul",
                    "Barcelona",
                    "Munich",
                    "Los Angeles",
                    "Mexico City",
                    "Tokyo",
                    "Roma",
                    "Montreal",
                    "Moskva",
                    "Melbourne",
                    "Helsinki"
                ],
                "distribution": [
                    0.08542104820392026,
                    0.08510137124589888,
                    0.08410869016572727,
                    0.08245983006645916,
                    0.0797173382686969,
                    0.07515773534112896,
                    0.0713047867418188,
                    0.06440649448977875,
                    0.05908976192479179,
                    0.054361907966686294,
                    0.051181963489526375,
                    0.0469083873138723,
                    0.0466391856650122,
                    0.04662236056195844,
                    0.03851266089004795,
                    0.015361319088079415,
                    0.013645158576596282
                ]
            }
        },
        "Weight": {
            "type": "NUMERIC",
            "nbDistinct": 211,
            "count": 59435,
            "missingCount": 0.0,
            "histogram": {
                "scale": [
                    25.0,
                    28.857142857142858,
                    32.714285714285715,
                    36.57142857142857,
                    40.42857142857143,
                    44.285714285714285,
                    48.14285714285714,
                    52.0,
                    55.85714285714286,
                    59.714285714285715,
                    63.57142857142857,
                    67.42857142857143,
                    71.28571428571428,
                    75.14285714285714,
                    79.0,
                    82.85714285714286,
                    86.71428571428572,
                    90.57142857142857,
                    94.42857142857143,
                    98.28571428571429,
                    102.14285714285714,
                    106.0,
                    109.85714285714286,
                    113.71428571428572,
                    117.57142857142857,
                    121.42857142857143,
                    125.28571428571429,
                    129.14285714285714,
                    133.0,
                    136.85714285714286,
                    140.71428571428572,
                    144.57142857142856,
                    148.42857142857144,
                    152.28571428571428,
                    156.14285714285714,
                    160.0,
                    163.85714285714286,
                    167.71428571428572,
                    171.57142857142858,
                    175.42857142857144,
                    179.28571428571428,
                    183.14285714285714,
                    187.0,
                    190.85714285714286,
                    194.71428571428572,
                    198.57142857142858,
                    202.42857142857144,
                    206.28571428571428,
                    210.14285714285714,
                    214.0
                ],
                "distribution": [
                    0.00018507613359131824,
                    0.000908555564902835,
                    0.0031967695802136787,
                    0.007975098847480442,
                    0.013308656515521157,
                    0.03619079666862959,
                    0.03684697568772609,
                    0.08321695970387818,
                    0.10153949692941869,
                    0.13184150752923363,
                    0.119323630857239,
                    0.11155043324640364,
                    0.09997476234541937,
                    0.05000420627576344,
                    0.06119289980651132,
                    0.042752586859594516,
                    0.029881383023471018,
                    0.01529401867586439,
                    0.013359131824682426,
                    0.010650290233027677,
                    0.004980230503911836,
                    0.0028266173130310425,
                    0.004307226381761588,
                    0.003381845713804997,
                    0.0048961049886430555,
                    0.00265836628249348,
                    0.0014637839656767898,
                    0.0024396399427946496,
                    0.0009758559771178598,
                    0.0008749053587953226,
                    0.0003533271641288803,
                    0.0006898292252040044,
                    0.00021872633969883065,
                    0.00021872633969883065,
                    5.0475309161268614e-05,
                    0.00023555144275258687,
                    6.730041221502482e-05,
                    6.730041221502482e-05,
                    0.0,
                    1.6825103053756205e-05,
                    3.365020610751241e-05,
                    0.0,
                    1.6825103053756205e-05,
                    0.0,
                    1.6825103053756205e-05,
                    0.0,
                    0.0,
                    0.0,
                    1.6825103053756205e-05
                ]
            },
            "quantiles": {
                "scale": [
                    38.5,
                    54.0,
                    58.0,
                    61.5,
                    64.5,
                    68.0,
                    72.0,
                    76.5,
                    82.77000000000044,
                    150.27000000000044
                ],
                "distribution": [
                    0.09861192899806512,
                    0.08321695970387818,
                    0.10153949692941869,
                    0.09782114915453857,
                    0.10190964919660132,
                    0.10525784470429882,
                    0.1046857912004711,
                    0.10302010599814924,
                    0.10394548666610583,
                    0.09999158744847313
                ]
            },
            "topValues": [
                {
                    "value": 60.0,
                    "count": 2724.0
                },
                {
                    "value": 70.0,
                    "count": 2441.0
                },
                {
                    "value": 65.0,
                    "count": 2207.0
                },
                {
                    "value": 68.0,
                    "count": 2009.0
                },
                {
                    "value": 63.0,
                    "count": 1982.0
                },
                {
                    "value": 75.0,
                    "count": 1940.0
                },
                {
                    "value": 62.0,
                    "count": 1844.0
                },
                {
                    "value": 64.0,
                    "count": 1809.0
                },
                {
                    "value": 57.0,
                    "count": 1700.0
                },
                {
                    "value": 58.0,
                    "count": 1679.0
                },
                {
                    "value": 67.0,
                    "count": 1626.0
                },
                {
                    "value": 66.0,
                    "count": 1425.0
                },
                {
                    "value": 55.0,
                    "count": 1417.0
                },
                {
                    "value": 73.0,
                    "count": 1404.0
                },
                {
                    "value": 56.0,
                    "count": 1395.0
                },
                {
                    "value": 52.0,
                    "count": 1378.0
                },
                {
                    "value": 72.0,
                    "count": 1373.0
                },
                {
                    "value": 80.0,
                    "count": 1350.0
                },
                {
                    "value": 54.0,
                    "count": 1330.0
                },
                {
                    "value": 59.0,
                    "count": 1253.0
                },
                {
                    "value": 61.0,
                    "count": 1229.0
                },
                {
                    "value": 74.0,
                    "count": 1207.0
                },
                {
                    "value": 69.0,
                    "count": 1135.0
                },
                {
                    "value": 78.0,
                    "count": 1120.0
                },
                {
                    "value": 50.0,
                    "count": 989.0
                },
                {
                    "value": 71.0,
                    "count": 989.0
                },
                {
                    "value": 48.0,
                    "count": 972.0
                },
                {
                    "value": 77.0,
                    "count": 927.0
                },
                {
                    "value": 76.0,
                    "count": 889.0
                },
                {
                    "value": 82.0,
                    "count": 881.0
                },
                {
                    "value": 85.0,
                    "count": 847.0
                },
                {
                    "value": 90.0,
                    "count": 788.0
                },
                {
                    "value": 53.0,
                    "count": 786.0
                },
                {
                    "value": 51.0,
                    "count": 741.0
                },
                {
                    "value": 81.0,
                    "count": 713.0
                },
                {
                    "value": 79.0,
                    "count": 669.0
                },
                {
                    "value": 83.0,
                    "count": 644.0
                },
                {
                    "value": 84.0,
                    "count": 603.0
                },
                {
                    "value": 47.0,
                    "count": 490.0
                },
                {
                    "value": 49.0,
                    "count": 458.0
                },
                {
                    "value": 100.0,
                    "count": 431.0
                },
                {
                    "value": 86.0,
                    "count": 428.0
                },
                {
                    "value": 88.0,
                    "count": 395.0
                },
                {
                    "value": 87.0,
                    "count": 367.0
                },
                {
                    "value": 46.0,
                    "count": 359.0
                },
                {
                    "value": 45.0,
                    "count": 330.0
                },
                {
                    "value": 95.0,
                    "count": 320.0
                },
                {
                    "value": 91.0,
                    "count": 277.0
                },
                {
                    "value": 43.0,
                    "count": 262.0
                },
                {
                    "value": 93.0,
                    "count": 232.0
                }
            ]
        },
        "City_in_Country": {
            "type": "CATEGORY",
            "nbDistinct": 2,
            "count": 59435,
            "missingCount": 0.0,
            "values": {
                "scale": [
                    "False",
                    "True"
                ],
                "distribution": [
                    0.9649869605451333,
                    0.03501303945486666
                ]
            }
        },
        "Sport": {
            "type": "CATEGORY",
            "nbDistinct": 24,
            "count": 59435,
            "missingCount": 0.0,
            "values": {
                "scale": [
                    "Athletics",
                    "Gymnastics",
                    "Swimming",
                    "Cycling",
                    "Wrestling",
                    "Shooting",
                    "Boxing",
                    "Judo",
                    "Fencing",
                    "Weightlifting",
                    "Canoeing",
                    "Diving",
                    "Archery",
                    "Tennis",
                    "Table Tennis",
                    "Sailing",
                    "Modern Pentathlon",
                    "Taekwondo",
                    "Badminton",
                    "Triathlon",
                    "Rowing",
                    "Rhythmic Gymnastics",
                    "Trampolining",
                    "Golf"
                ],
                "distribution": [
                    0.2607049718179524,
                    0.16862118280474467,
                    0.14235719693783125,
                    0.05702027424917978,
                    0.05474888533692269,
                    0.048506772103979134,
                    0.04552872886346429,
                    0.036157146462522084,
                    0.03368385631361992,
                    0.031530243122739124,
                    0.02052662572558257,
                    0.017666358206444015,
                    0.013998485740725162,
                    0.010566164717758897,
                    0.010296963068898797,
                    0.009809035080339867,
                    0.0089509548245983,
                    0.006460839572642383,
                    0.00607386220240599,
                    0.005686884832169597,
                    0.005552284007739547,
                    0.002725666694708505,
                    0.0014974341717843022,
                    0.00132918314124674
                ]
            }
        },
        "Event": {
            "type": "CATEGORY",
            "nbDistinct": 136,
            "count": 59435,
            "missingCount": 0.0,
            "values": {
                "scale": [
                    "Floor Exercise",
                    "Individual",
                    "Individual All-Around",
                    "Road Race, Individual",
                    "Singles",
                    "Horse Vault",
                    "Marathon",
                    "100 metres",
                    "200 metres",
                    "100 metres Freestyle",
                    "400 metres",
                    "Lightweight",
                    "Balance Beam",
                    "800 metres",
                    "Parallel Bars",
                    "Pommelled Horse",
                    "Horizontal Bar",
                    "Rings",
                    "Foil, Individual",
                    "Uneven Bars",
                    "Middleweight",
                    "1,500 metres",
                    "100 metres Butterfly",
                    "100 metres Backstroke",
                    "Long Jump",
                    "Heavyweight",
                    "200 metres Freestyle",
                    "100 metres Breaststroke",
                    "400 metres Freestyle",
                    "High Jump",
                    "epee, Individual",
                    "50 metres Freestyle",
                    "200 metres Breaststroke",
                    "20 kilometres Walk",
                    "5,000 metres",
                    "Discus Throw",
                    "10,000 metres",
                    "Javelin Throw",
                    "400 metres Hurdles",
                    "200 metres Individual Medley",
                    "Featherweight",
                    "Air Rifle, 10 metres",
                    "200 metres Backstroke",
                    "Springboard",
                    "Shot Put",
                    "200 metres Butterfly",
                    "Platform",
                    "Triple Jump",
                    "Sabre, Individual",
                    "Flyweight",
                    "400 metres Individual Medley",
                    "Bantamweight",
                    "3,000 metres Steeplechase",
                    "Light-Heavyweight",
                    "Hammer Throw",
                    "50 kilometres Walk",
                    "Air Pistol, 10 metres",
                    "Small-Bore Rifle, Prone, 50 metres",
                    "Pole Vault",
                    "110 metres Hurdles",
                    "Welterweight",
                    "Decathlon",
                    "Olympic Distance",
                    "Single Sculls",
                    "Sprint",
                    "Free Pistol, 50 metres",
                    "Half-Middleweight",
                    "Mountainbike, Cross-Country",
                    "Windsurfer",
                    "Trap",
                    "1,500 metres Freestyle",
                    "Kayak Singles, 500 metres",
                    "Extra-Lightweight",
                    "Half-Heavyweight",
                    "Light-Welterweight",
                    "Half-Lightweight",
                    "One Person Dinghy",
                    "Kayak Singles, Slalom",
                    "100 metres Hurdles",
                    "Middleweight, Freestyle",
                    "Lightweight, Freestyle",
                    "Super-Heavyweight",
                    "Rapid-Fire Pistol, 25 metres",
                    "Individual Time Trial",
                    "Skeet",
                    "Kayak Singles, 1,000 metres",
                    "Light-Flyweight",
                    "Sporting Pistol, 25 metres",
                    "800 metres Freestyle",
                    "Featherweight, Freestyle",
                    "Featherweight, Greco-Roman",
                    "Welterweight, Freestyle",
                    "Light-Heavyweight, Freestyle",
                    "Light-Middleweight",
                    "Welterweight, Greco-Roman",
                    "Heavyweight, Freestyle",
                    "1,000 metres Time Trial",
                    "Heptathlon",
                    "Lightweight, Greco-Roman",
                    "Middleweight, Greco-Roman",
                    "Light-Heavyweight, Greco-Roman",
                    "Middle-Heavyweight",
                    "Points Race",
                    "Flyweight, Freestyle",
                    "Individual Pursuit, 4,000 metres",
                    "Heavyweight, Greco-Roman",
                    "Canadian Singles, 1,000 metres",
                    "Bantamweight, Freestyle",
                    "Bantamweight, Greco-Roman",
                    "Double Trap",
                    "Super-Heavyweight, Freestyle",
                    "Flyweight, Greco-Roman",
                    "Super-Heavyweight, Greco-Roman",
                    "Canadian Singles, Slalom",
                    "Canadian Singles, 500 metres",
                    "Keirin",
                    "10 kilometres Open Water",
                    "80 metres Hurdles",
                    "BMX",
                    "Pentathlon",
                    "Kayak Singles, 200 metres",
                    "Light-Flyweight, Greco-Roman",
                    "3,000 metres",
                    "Madison",
                    "10 kilometres Walk",
                    "Heavyweight II",
                    "Open Class",
                    "Omnium",
                    "Running Target, 10 metres",
                    "Heavyweight I",
                    "Light-Flyweight, Freestyle",
                    "Individual Pursuit, 3,000 metres",
                    "Canadian Singles, 200 metres",
                    "Running Target, 50 metres",
                    "One Person Heavyweight Dinghy",
                    "500 metres Time Trial"
                ],
                "distribution": [
                    0.028737276015815598,
                    0.02850172457306301,
                    0.028350298645579204,
                    0.028081096996719106,
                    0.026936989989063683,
                    0.02530495499284933,
                    0.02313451669891478,
                    0.022511987885925802,
                    0.017885084546142845,
                    0.016690502229326155,
                    0.016421300580466057,
                    0.015058467233111803,
                    0.014991166820896778,
                    0.014520063935391604,
                    0.014435938420122823,
                    0.014368638007907799,
                    0.014234037183477748,
                    0.014200386977370236,
                    0.014149911668208968,
                    0.013998485740725162,
                    0.013695633885757551,
                    0.012400100950618323,
                    0.01236645074451081,
                    0.01201312358038193,
                    0.011844872549844367,
                    0.01160932110709178,
                    0.011407419870446706,
                    0.011356944561285437,
                    0.011239168839909145,
                    0.011188693530747876,
                    0.011020442500210314,
                    0.010953142087995289,
                    0.010835366366618996,
                    0.010835366366618996,
                    0.010095061832253723,
                    0.01006141162614621,
                    0.009825860183393624,
                    0.009724909565071086,
                    0.009422057710103474,
                    0.009337932194834694,
                    0.009253806679565912,
                    0.009119205855135863,
                    0.009068730545974594,
                    0.009035080339867082,
                    0.008883654412383276,
                    0.008850004206275764,
                    0.008631277866576933,
                    0.008530327248254395,
                    0.008513502145200639,
                    0.008311600908555565,
                    0.00824430049634054,
                    0.00816017498107176,
                    0.007705897198620341,
                    0.00753764616808278,
                    0.007352570034491461,
                    0.007251619416168924,
                    0.0071338436947926305,
                    0.0071338436947926305,
                    0.006814166736771263,
                    0.0063094136451585766,
                    0.005787835450492134,
                    0.005737360141330866,
                    0.005686884832169597,
                    0.005552284007739547,
                    0.005518633801632035,
                    0.005434508286363254,
                    0.005367207874148229,
                    0.004912930091696812,
                    0.004862454782535543,
                    0.004862454782535543,
                    0.00482880457642803,
                    0.004811979473374275,
                    0.004677378648944225,
                    0.004643728442836712,
                    0.004643728442836712,
                    0.004626903339782956,
                    0.004525952721460419,
                    0.004441827206191638,
                    0.0044081770000841255,
                    0.004038024732901489,
                    0.0039707243206864645,
                    0.0039202490115251955,
                    0.0039202490115251955,
                    0.0038865988054176833,
                    0.0038529485993101706,
                    0.0037351728779338772,
                    0.003600572053503828,
                    0.003600572053503828,
                    0.0035837469504500716,
                    0.003381845713804997,
                    0.0033481955076974847,
                    0.0032640699924287035,
                    0.003213594683267435,
                    0.0031799444771599228,
                    0.00314629427105241,
                    0.003129469167998654,
                    0.003129469167998654,
                    0.003129469167998654,
                    0.003129469167998654,
                    0.003112644064944898,
                    0.0030789938588373852,
                    0.0030621687557836294,
                    0.0030116934466223604,
                    0.002877092622192311,
                    0.002708841591654749,
                    0.002624716076385968,
                    0.002389164633633381,
                    0.0023723395305796247,
                    0.002237738706149575,
                    0.0021704382939345505,
                    0.002052662572558257,
                    0.002002187263396988,
                    0.0019348868511819635,
                    0.00181711112980567,
                    0.0016656852023218642,
                    0.001648860099268108,
                    0.0015815596870530832,
                    0.001396483553461765,
                    0.0013796584504080088,
                    0.0012787078320854715,
                    0.0010599814923866408,
                    0.0010599814923866408,
                    0.0010263312862791286,
                    0.0010095061832253722,
                    0.0010095061832253722,
                    0.000908555564902835,
                    0.0008412551526878103,
                    0.0007907798435265416,
                    0.0007907798435265416,
                    0.0007907798435265416,
                    0.0007739547404727854,
                    0.000656179019096492,
                    0.0006057037099352233,
                    0.0004879279885589299,
                    0.00042062757634390513,
                    0.0002860267519138555
                ]
            }
        },
        "Height": {
            "type": "NUMERIC",
            "nbDistinct": 82,
            "count": 59435,
            "missingCount": 0.0,
            "histogram": {
                "scale": [
                    127.0,
                    128.77551020408163,
                    130.55102040816325,
                    132.3265306122449,
                    134.10204081632654,
                    135.87755102040816,
                    137.6530612244898,
                    139.42857142857142,
                    141.20408163265307,
                    142.9795918367347,
                    144.75510204081633,
                    146.53061224489795,
                    148.30612244897958,
                    150.08163265306123,
                    151.85714285714286,
                    153.6326530612245,
                    155.40816326530611,
                    157.18367346938777,
                    158.9591836734694,
                    160.73469387755102,
                    162.51020408163265,
                    164.28571428571428,
                    166.0612244897959,
                    167.83673469387756,
                    169.6122448979592,
                    171.3877551020408,
                    173.16326530612244,
                    174.9387755102041,
                    176.71428571428572,
                    178.48979591836735,
                    180.26530612244898,
                    182.0408163265306,
                    183.81632653061223,
                    185.59183673469389,
                    187.3673469387755,
                    189.14285714285714,
                    190.91836734693877,
                    192.69387755102042,
                    194.46938775510205,
                    196.24489795918367,
                    198.0204081632653,
                    199.79591836734693,
                    201.57142857142856,
                    203.34693877551018,
                    205.12244897959184,
                    206.89795918367346,
                    208.67346938775512,
                    210.44897959183675,
                    212.22448979591837,
                    214.0
                ],
                "distribution": [
                    5.0475309161268614e-05,
                    1.6825103053756205e-05,
                    3.365020610751241e-05,
                    3.365020610751241e-05,
                    8.412551526878102e-05,
                    0.0004038024732901489,
                    0.0006225288129889795,
                    0.000740304534365273,
                    0.000908555564902835,
                    0.001564734583999327,
                    0.0025742407672246993,
                    0.0036846975687726087,
                    0.007369395137545217,
                    0.001884411542020695,
                    0.011710271725414318,
                    0.015546395221670733,
                    0.020947253301926476,
                    0.013931185328510138,
                    0.037620930428198876,
                    0.034508286363253975,
                    0.05003785648187095,
                    0.06139480104315639,
                    0.029242029107428284,
                    0.06649280726844452,
                    0.08508454614284512,
                    0.07217969210061412,
                    0.02811474720282662,
                    0.07503995961975267,
                    0.0656179019096492,
                    0.06716581139059477,
                    0.0417599057794229,
                    0.03339782956170607,
                    0.044603348195507694,
                    0.03250609909985699,
                    0.026701438546311095,
                    0.01781778413392782,
                    0.016017498107175905,
                    0.013291831412467401,
                    0.008850004206275764,
                    0.004811979473374275,
                    0.000740304534365273,
                    0.002708841591654749,
                    0.0014469588626230335,
                    0.00042062757634390513,
                    5.0475309161268614e-05,
                    0.00015142592748380583,
                    3.365020610751241e-05,
                    0.0,
                    8.412551526878102e-05
                ]
            },
            "quantiles": {
                "scale": [
                    143.5,
                    162.0,
                    166.0,
                    169.0,
                    171.5,
                    174.5,
                    177.5,
                    181.0,
                    185.0,
                    200.5
                ],
                "distribution": [
                    0.08998065113148818,
                    0.09095650710860605,
                    0.11397324808614452,
                    0.06649280726844452,
                    0.12193152183057121,
                    0.11015394969294187,
                    0.09395137545217465,
                    0.10892571717001767,
                    0.09666021704382939,
                    0.10697400521578194
                ]
            },
            "topValues": [
                {
                    "value": 170.0,
                    "count": 3630.0
                },
                {
                    "value": 180.0,
                    "count": 3020.0
                },
                {
                    "value": 175.0,
                    "count": 2776.0
                },
                {
                    "value": 178.0,
                    "count": 2641.0
                },
                {
                    "value": 168.0,
                    "count": 2620.0
                },
                {
                    "value": 165.0,
                    "count": 2381.0
                },
                {
                    "value": 172.0,
                    "count": 2190.0
                },
                {
                    "value": 173.0,
                    "count": 2100.0
                },
                {
                    "value": 183.0,
                    "count": 1985.0
                },
                {
                    "value": 160.0,
                    "count": 1768.0
                },
                {
                    "value": 167.0,
                    "count": 1738.0
                },
                {
                    "value": 176.0,
                    "count": 1684.0
                },
                {
                    "value": 174.0,
                    "count": 1671.0
                },
                {
                    "value": 185.0,
                    "count": 1658.0
                },
                {
                    "value": 163.0,
                    "count": 1587.0
                },
                {
                    "value": 182.0,
                    "count": 1461.0
                },
                {
                    "value": 171.0,
                    "count": 1427.0
                },
                {
                    "value": 162.0,
                    "count": 1398.0
                },
                {
                    "value": 164.0,
                    "count": 1387.0
                },
                {
                    "value": 169.0,
                    "count": 1332.0
                },
                {
                    "value": 166.0,
                    "count": 1268.0
                },
                {
                    "value": 177.0,
                    "count": 1259.0
                },
                {
                    "value": 188.0,
                    "count": 1150.0
                },
                {
                    "value": 186.0,
                    "count": 1109.0
                },
                {
                    "value": 190.0,
                    "count": 1059.0
                },
                {
                    "value": 181.0,
                    "count": 1021.0
                },
                {
                    "value": 184.0,
                    "count": 993.0
                },
                {
                    "value": 179.0,
                    "count": 972.0
                },
                {
                    "value": 158.0,
                    "count": 828.0
                },
                {
                    "value": 187.0,
                    "count": 823.0
                },
                {
                    "value": 157.0,
                    "count": 712.0
                },
                {
                    "value": 161.0,
                    "count": 653.0
                },
                {
                    "value": 155.0,
                    "count": 604.0
                },
                {
                    "value": 156.0,
                    "count": 533.0
                },
                {
                    "value": 193.0,
                    "count": 524.0
                },
                {
                    "value": 191.0,
                    "count": 514.0
                },
                {
                    "value": 159.0,
                    "count": 468.0
                },
                {
                    "value": 192.0,
                    "count": 438.0
                },
                {
                    "value": 189.0,
                    "count": 437.0
                },
                {
                    "value": 152.0,
                    "count": 386.0
                },
                {
                    "value": 150.0,
                    "count": 339.0
                },
                {
                    "value": 154.0,
                    "count": 320.0
                },
                {
                    "value": 153.0,
                    "count": 310.0
                },
                {
                    "value": 196.0,
                    "count": 268.0
                },
                {
                    "value": 194.0,
                    "count": 266.0
                },
                {
                    "value": 195.0,
                    "count": 258.0
                },
                {
                    "value": 198.0,
                    "count": 178.0
                },
                {
                    "value": 147.0,
                    "count": 120.0
                },
                {
                    "value": 151.0,
                    "count": 112.0
                },
                {
                    "value": 197.0,
                    "count": 108.0
                }
            ]
        },
        "Age": {
            "type": "NUMERIC",
            "nbDistinct": 54,
            "count": 59435,
            "missingCount": 0.0,
            "histogram": {
                "scale": [
                    11.0,
                    12.081632653061224,
                    13.16326530612245,
                    14.244897959183675,
                    15.326530612244898,
                    16.408163265306122,
                    17.48979591836735,
                    18.571428571428573,
                    19.653061224489797,
                    20.73469387755102,
                    21.816326530612244,
                    22.89795918367347,
                    23.979591836734695,
                    25.06122448979592,
                    26.142857142857146,
                    27.22448979591837,
                    28.306122448979593,
                    29.387755102040817,
                    30.46938775510204,
                    31.551020408163268,
                    32.63265306122449,
                    33.714285714285715,
                    34.79591836734694,
                    35.87755102040816,
                    36.95918367346939,
                    38.04081632653062,
                    39.12244897959184,
                    40.204081632653065,
                    41.28571428571429,
                    42.36734693877551,
                    43.44897959183674,
                    44.53061224489796,
                    45.61224489795919,
                    46.693877551020414,
                    47.775510204081634,
                    48.85714285714286,
                    49.93877551020408,
                    51.02040816326531,
                    52.102040816326536,
                    53.183673469387756,
                    54.26530612244898,
                    55.34693877551021,
                    56.42857142857143,
                    57.51020408163266,
                    58.591836734693885,
                    59.673469387755105,
                    60.75510204081633,
                    61.83673469387755,
                    62.91836734693878,
                    64.0
                ],
                "distribution": [
                    0.00021872633969883065,
                    0.001160932110709178,
                    0.005653234626062085,
                    0.01453688903844536,
                    0.024177673088247666,
                    0.028602675191385547,
                    0.04088500042062758,
                    0.05077816101623622,
                    0.06375031547068226,
                    0.07603264069992428,
                    0.0797173382686969,
                    0.0835534617649533,
                    0.15886262303356607,
                    0.06740136283334736,
                    0.060940523260704975,
                    0.0522082947758055,
                    0.04133927820307899,
                    0.03250609909985699,
                    0.02518717927147304,
                    0.021973584588205603,
                    0.015327668881971903,
                    0.01263565239337091,
                    0.009287456885673425,
                    0.007251619416168924,
                    0.009724909565071086,
                    0.003247244889374947,
                    0.002557415664170943,
                    0.001884411542020695,
                    0.0015142592748380583,
                    0.0011777572137629342,
                    0.001144107007655422,
                    0.0010095061832253722,
                    0.0008749053587953226,
                    0.000572053503827711,
                    0.0004542777824514175,
                    0.0003701522671826365,
                    0.0004038024732901489,
                    0.0002692016488600993,
                    0.00013460082443004964,
                    0.00030285185496761166,
                    3.365020610751241e-05,
                    0.00010095061832253723,
                    3.365020610751241e-05,
                    5.0475309161268614e-05,
                    6.730041221502482e-05,
                    1.6825103053756205e-05,
                    1.6825103053756205e-05,
                    1.6825103053756205e-05,
                    3.365020610751241e-05
                ]
            },
            "quantiles": {
                "scale": [
                    14.5,
                    19.0,
                    20.5,
                    22.0,
                    23.5,
                    24.5,
                    26.0,
                    27.5,
                    29.5,
                    47.5
                ],
                "distribution": [
                    0.07435013039454867,
                    0.0916631614368638,
                    0.06375031547068226,
                    0.1557499789686212,
                    0.0835534617649533,
                    0.08151762429544882,
                    0.14474636157146462,
                    0.060940523260704975,
                    0.1260536720787415,
                    0.11767477075797089
                ]
            },
            "topValues": [
                {
                    "value": 23.0,
                    "count": 4966.0
                },
                {
                    "value": 24.0,
                    "count": 4845.0
                },
                {
                    "value": 22.0,
                    "count": 4738.0
                },
                {
                    "value": 25.0,
                    "count": 4597.0
                },
                {
                    "value": 21.0,
                    "count": 4519.0
                },
                {
                    "value": 26.0,
                    "count": 4006.0
                },
                {
                    "value": 20.0,
                    "count": 3789.0
                },
                {
                    "value": 27.0,
                    "count": 3622.0
                },
                {
                    "value": 28.0,
                    "count": 3103.0
                },
                {
                    "value": 19.0,
                    "count": 3018.0
                },
                {
                    "value": 29.0,
                    "count": 2457.0
                },
                {
                    "value": 18.0,
                    "count": 2430.0
                },
                {
                    "value": 30.0,
                    "count": 1932.0
                },
                {
                    "value": 17.0,
                    "count": 1700.0
                },
                {
                    "value": 31.0,
                    "count": 1497.0
                },
                {
                    "value": 16.0,
                    "count": 1437.0
                },
                {
                    "value": 32.0,
                    "count": 1306.0
                },
                {
                    "value": 33.0,
                    "count": 911.0
                },
                {
                    "value": 15.0,
                    "count": 864.0
                },
                {
                    "value": 34.0,
                    "count": 751.0
                },
                {
                    "value": 35.0,
                    "count": 552.0
                },
                {
                    "value": 36.0,
                    "count": 431.0
                },
                {
                    "value": 14.0,
                    "count": 336.0
                },
                {
                    "value": 37.0,
                    "count": 330.0
                },
                {
                    "value": 38.0,
                    "count": 248.0
                },
                {
                    "value": 39.0,
                    "count": 193.0
                },
                {
                    "value": 40.0,
                    "count": 152.0
                },
                {
                    "value": 41.0,
                    "count": 112.0
                },
                {
                    "value": 42.0,
                    "count": 90.0
                },
                {
                    "value": 43.0,
                    "count": 70.0
                },
                {
                    "value": 13.0,
                    "count": 69.0
                },
                {
                    "value": 44.0,
                    "count": 68.0
                },
                {
                    "value": 45.0,
                    "count": 60.0
                },
                {
                    "value": 46.0,
                    "count": 52.0
                },
                {
                    "value": 47.0,
                    "count": 34.0
                },
                {
                    "value": 48.0,
                    "count": 27.0
                },
                {
                    "value": 49.0,
                    "count": 22.0
                },
                {
                    "value": 50.0,
                    "count": 18.0
                },
                {
                    "value": 54.0,
                    "count": 18.0
                },
                {
                    "value": 52.0,
                    "count": 16.0
                },
                {
                    "value": 12.0,
                    "count": 12.0
                },
                {
                    "value": 53.0,
                    "count": 8.0
                },
                {
                    "value": 51.0,
                    "count": 6.0
                },
                {
                    "value": 56.0,
                    "count": 6.0
                },
                {
                    "value": 59.0,
                    "count": 4.0
                },
                {
                    "value": 58.0,
                    "count": 3.0
                },
                {
                    "value": 55.0,
                    "count": 2.0
                },
                {
                    "value": 57.0,
                    "count": 2.0
                },
                {
                    "value": 11.0,
                    "count": 1.0
                },
                {
                    "value": 60.0,
                    "count": 1.0
                }
            ]
        },
        "IMC": {
            "type": "NUMERIC",
            "nbDistinct": 1717,
            "count": 59435,
            "missingCount": 0.0,
            "histogram": {
                "scale": [
                    12.27,
                    13.323673469387755,
                    14.37734693877551,
                    15.431020408163263,
                    16.48469387755102,
                    17.538367346938774,
                    18.59204081632653,
                    19.645714285714284,
                    20.699387755102038,
                    21.753061224489795,
                    22.80673469387755,
                    23.860408163265305,
                    24.91408163265306,
                    25.96775510204081,
                    27.02142857142857,
                    28.075102040816326,
                    29.12877551020408,
                    30.182448979591832,
                    31.23612244897959,
                    32.289795918367346,
                    33.3434693877551,
                    34.39714285714285,
                    35.450816326530614,
                    36.50448979591836,
                    37.55816326530612,
                    38.611836734693874,
                    39.66551020408163,
                    40.71918367346939,
                    41.772857142857134,
                    42.826530612244895,
                    43.88020408163265,
                    44.9338775510204,
                    45.98755102040816,
                    47.04122448979591,
                    48.09489795918367,
                    49.14857142857143,
                    50.202244897959176,
                    51.255918367346936,
                    52.30959183673468,
                    53.36326530612244,
                    54.416938775510204,
                    55.47061224489795,
                    56.52428571428571,
                    57.57795918367346,
                    58.63163265306122,
                    59.68530612244898,
                    60.738979591836724,
                    61.792653061224485,
                    62.84632653061223,
                    63.9
                ],
                "distribution": [
                    0.00021872633969883065,
                    0.00020190123664507446,
                    0.0008749053587953226,
                    0.004492302515352906,
                    0.016555901404896104,
                    0.04421637082527131,
                    0.08426011609321107,
                    0.126154622697064,
                    0.1694119626482712,
                    0.1675780264154118,
                    0.13561033061327502,
                    0.09179776226129385,
                    0.048742323546731726,
                    0.028737276015815598,
                    0.021519306805754184,
                    0.013746109194918818,
                    0.010465214099436359,
                    0.007722722301674098,
                    0.006864642045932531,
                    0.005518633801632035,
                    0.003802473290148902,
                    0.002473290148902162,
                    0.002153613190880794,
                    0.0017834609236981576,
                    0.001076806595440397,
                    0.0011272819046016657,
                    0.0006225288129889795,
                    0.00047110288550517373,
                    0.0002860267519138555,
                    0.00042062757634390513,
                    0.0005552284007739548,
                    0.00013460082443004964,
                    0.00011777572137629343,
                    0.00010095061832253723,
                    3.365020610751241e-05,
                    3.365020610751241e-05,
                    5.0475309161268614e-05,
                    3.365020610751241e-05,
                    0.0,
                    1.6825103053756205e-05,
                    0.0,
                    0.0,
                    0.0,
                    0.0,
                    0.0,
                    0.0,
                    0.0,
                    0.0,
                    1.6825103053756205e-05
                ]
            },
            "quantiles": {
                "scale": [
                    15.67,
                    19.575,
                    20.455,
                    21.145,
                    21.775,
                    22.4,
                    23.07,
                    23.91,
                    25.34,
                    45.095
                ],
                "distribution": [
                    0.09972238579961303,
                    0.098965256162194,
                    0.0988474804408177,
                    0.10071506687978464,
                    0.10150584672331119,
                    0.09931858332632287,
                    0.10091696811642971,
                    0.0995036594599142,
                    0.10036173971565576,
                    0.10014301337595692
                ]
            },
            "topValues": [
                {
                    "value": 20.2,
                    "count": 453.0
                },
                {
                    "value": 21.3,
                    "count": 428.0
                },
                {
                    "value": 21.22,
                    "count": 422.0
                },
                {
                    "value": 21.8,
                    "count": 412.0
                },
                {
                    "value": 21.97,
                    "count": 405.0
                },
                {
                    "value": 22.86,
                    "count": 375.0
                },
                {
                    "value": 22.84,
                    "count": 361.0
                },
                {
                    "value": 20.9,
                    "count": 358.0
                },
                {
                    "value": 22.15,
                    "count": 355.0
                },
                {
                    "value": 20.76,
                    "count": 345.0
                },
                {
                    "value": 21.45,
                    "count": 338.0
                },
                {
                    "value": 19.72,
                    "count": 323.0
                },
                {
                    "value": 22.72,
                    "count": 313.0
                },
                {
                    "value": 23.67,
                    "count": 309.0
                },
                {
                    "value": 22.99,
                    "count": 304.0
                },
                {
                    "value": 20.57,
                    "count": 298.0
                },
                {
                    "value": 20.31,
                    "count": 295.0
                },
                {
                    "value": 24.22,
                    "count": 295.0
                },
                {
                    "value": 21.72,
                    "count": 284.0
                },
                {
                    "value": 21.05,
                    "count": 278.0
                },
                {
                    "value": 20.83,
                    "count": 276.0
                },
                {
                    "value": 22.04,
                    "count": 276.0
                },
                {
                    "value": 22.31,
                    "count": 276.0
                },
                {
                    "value": 20.96,
                    "count": 273.0
                },
                {
                    "value": 23.15,
                    "count": 273.0
                },
                {
                    "value": 21.91,
                    "count": 267.0
                },
                {
                    "value": 21.63,
                    "count": 261.0
                },
                {
                    "value": 21.6,
                    "count": 253.0
                },
                {
                    "value": 22.53,
                    "count": 249.0
                },
                {
                    "value": 21.26,
                    "count": 248.0
                },
                {
                    "value": 20.52,
                    "count": 240.0
                },
                {
                    "value": 20.45,
                    "count": 235.0
                },
                {
                    "value": 22.09,
                    "count": 228.0
                },
                {
                    "value": 23.53,
                    "count": 226.0
                },
                {
                    "value": 19.49,
                    "count": 218.0
                },
                {
                    "value": 20.28,
                    "count": 218.0
                },
                {
                    "value": 24.49,
                    "count": 218.0
                },
                {
                    "value": 20.94,
                    "count": 217.0
                },
                {
                    "value": 22.49,
                    "count": 216.0
                },
                {
                    "value": 19.84,
                    "count": 215.0
                },
                {
                    "value": 22.41,
                    "count": 213.0
                },
                {
                    "value": 23.12,
                    "count": 213.0
                },
                {
                    "value": 23.18,
                    "count": 208.0
                },
                {
                    "value": 20.55,
                    "count": 207.0
                },
                {
                    "value": 22.59,
                    "count": 207.0
                },
                {
                    "value": 22.68,
                    "count": 206.0
                },
                {
                    "value": 19.38,
                    "count": 205.0
                },
                {
                    "value": 21.55,
                    "count": 205.0
                },
                {
                    "value": 23.88,
                    "count": 201.0
                },
                {
                    "value": 22.21,
                    "count": 196.0
                }
            ]
        }
    }
}