[
    {
        "test_score_gib": 0.7249184158543885,
        "train_score": 0.7568738378515147,
        "test_score": 0.7249184158543885,
        "num_samples": 11887,
        "fit_time": 10557,
        "score_time": 2305,
        "time": 12862,
        "parameters": {
            "max_depth": 6,
            "max_features": "sqrt",
            "min_samples_leaf": 1,
            "n_estimators": 100,
            "min_samples_split": 3
        },
        "done_at": 1718712866260,
        "split_id": 0
    },
    {
        "test_score_gib": 0.7393923228336876,
        "train_score": 0.7558333842700711,
        "test_score": 0.7393923228336876,
        "num_samples": 11887,
        "fit_time": 9936,
        "score_time": 2261,
        "time": 12197,
        "parameters": {
            "max_depth": 6,
            "max_features": "sqrt",
            "min_samples_leaf": 1,
            "n_estimators": 100,
            "min_samples_split": 3
        },
        "done_at": 1718712865600,
        "split_id": 1
    },
    {
        "test_score_gib": 0.7429355013318371,
        "train_score": 0.7547240649433766,
        "test_score": 0.7429355013318371,
        "num_samples": 11887,
        "fit_time": 9585,
        "score_time": 2070,
        "time": 11655,
        "parameters": {
            "max_depth": 6,
            "max_features": "sqrt",
            "min_samples_leaf": 1,
            "n_estimators": 100,
            "min_samples_split": 3
        },
        "done_at": 1718712865064,
        "split_id": 2
    },
    {
        "test_score_gib": 0.73524932226146,
        "train_score": 0.7521234075458294,
        "test_score": 0.73524932226146,
        "num_samples": 11887,
        "fit_time": 9527,
        "score_time": 2081,
        "time": 11608,
        "parameters": {
            "max_depth": 6,
            "max_features": "sqrt",
            "min_samples_leaf": 1,
            "n_estimators": 100,
            "min_samples_split": 3
        },
        "done_at": 1718712865022,
        "split_id": 3
    },
    {
        "test_score_gib": 0.7470917893458585,
        "train_score": 0.7533686405084621,
        "test_score": 0.7470917893458585,
        "num_samples": 11887,
        "fit_time": 8700,
        "score_time": 2586,
        "time": 11286,
        "parameters": {
            "max_depth": 6,
            "max_features": "sqrt",
            "min_samples_leaf": 1,
            "n_estimators": 100,
            "min_samples_split": 3
        },
        "done_at": 1718712876344,
        "split_id": 4
    },
    {
        "test_score_gib": 0.7557786379732436,
        "train_score": 0.8361412975961723,
        "test_score": 0.7557786379732436,
        "num_samples": 11887,
        "fit_time": 16602,
        "score_time": 1836,
        "time": 18438,
        "parameters": {
            "max_depth": 14,
            "max_features": "sqrt",
            "min_samples_leaf": 1,
            "n_estimators": 100,
            "min_samples_split": 3
        },
        "done_at": 1718712883601,
        "split_id": 0
    },
    {
        "test_score_gib": 0.7641823612070039,
        "train_score": 0.8381122248523472,
        "test_score": 0.7641823612070039,
        "num_samples": 11887,
        "fit_time": 17501,
        "score_time": 1816,
        "time": 19317,
        "parameters": {
            "max_depth": 14,
            "max_features": "sqrt",
            "min_samples_leaf": 1,
            "n_estimators": 100,
            "min_samples_split": 3
        },
        "done_at": 1718712884957,
        "split_id": 1
    },
    {
        "test_score_gib": 0.7683855047735461,
        "train_score": 0.8337614200686366,
        "test_score": 0.7683855047735461,
        "num_samples": 11887,
        "fit_time": 18313,
        "score_time": 1486,
        "time": 19799,
        "parameters": {
            "max_depth": 14,
            "max_features": "sqrt",
            "min_samples_leaf": 1,
            "n_estimators": 100,
            "min_samples_split": 3
        },
        "done_at": 1718712886097,
        "split_id": 2
    },
    {
        "test_score_gib": 0.7652241299950842,
        "train_score": 0.8342584585374637,
        "test_score": 0.7652241299950842,
        "num_samples": 11887,
        "fit_time": 12759,
        "score_time": 1027,
        "time": 13786,
        "parameters": {
            "max_depth": 14,
            "max_features": "sqrt",
            "min_samples_leaf": 1,
            "n_estimators": 100,
            "min_samples_split": 3
        },
        "done_at": 1718712890169,
        "split_id": 3
    },
    {
        "test_score_gib": 0.7774350033589009,
        "train_score": 0.8334621719903647,
        "test_score": 0.7774350033589009,
        "num_samples": 11887,
        "fit_time": 8039,
        "score_time": 768,
        "time": 8807,
        "parameters": {
            "max_depth": 14,
            "max_features": "sqrt",
            "min_samples_leaf": 1,
            "n_estimators": 100,
            "min_samples_split": 3
        },
        "done_at": 1718712892440,
        "split_id": 4
    }
]