{
    "startedAt": 1718712853381,
    "gridSize": 2,
    "nThreads": 4,
    "nSplits": 5,
    "metric": "ROC_AUC",
    "timeout": null,
    "gridPoints": [
        {
            "finishedAt": 1718712876344,
            "score": 0.7379174703254464,
            "testScoreGibMean": 0.7379174703254464,
            "testScoreMean": 0.7379174703254464,
            "testScoreStd": 0.007584436509370259,
            "trainScoreMean": 0.7545846670238507,
            "trainScoreStd": 0.0016944349101386143,
            "time": 59608,
            "fitTimeMean": 9661.0,
            "fitTimeStd": 604.2671594584633,
            "scoreTimeMean": 2260.6,
            "scoreTimeStd": 187.85164359142564,
            "parameters": {
                "max_depth": 6,
                "max_features": "sqrt",
                "min_samples_leaf": 1,
                "n_estimators": 100,
                "min_samples_split": 3
            }
        },
        {
            "finishedAt": 1718712892440,
            "score": 0.7662011274615558,
            "testScoreGibMean": 0.7662011274615558,
            "testScoreMean": 0.7662011274615558,
            "testScoreStd": 0.006994708003799397,
            "trainScoreMean": 0.8351471146089969,
            "trainScoreStd": 0.001750952264794784,
            "time": 80147,
            "fitTimeMean": 14642.8,
            "fitTimeStd": 3811.4830919210435,
            "scoreTimeMean": 1386.6,
            "scoreTimeStd": 426.1931956284614,
            "parameters": {
                "max_depth": 14,
                "max_features": "sqrt",
                "min_samples_leaf": 1,
                "n_estimators": 100,
                "min_samples_split": 3
            }
        }
    ]
}