{
    "modelInputNRows": 59435,
    "modelInputNCols": 263,
    "modelInputIsSparse": false,
    "modelInputMemory": 125051240,
    "usedGridSearch": true,
    "gridSize": 2,
    "gridBestScore": 0.7662011274615558,
    "gridCells": [
        {
            "params": {
                "max_depth": 6,
                "max_features": "sqrt",
                "min_samples_leaf": 1,
                "n_estimators": 100,
                "min_samples_split": 3
            },
            "score": 0.7379174703254464,
            "scoreStd": 0.007584436509370259,
            "fitTime": 9.661,
            "fitTimeStd": 0.6042671594584633,
            "scoreTime": 2.2605999999999997,
            "scoreTimeStd": 0.18785164359142564
        },
        {
            "params": {
                "max_depth": 14,
                "max_features": "sqrt",
                "min_samples_leaf": 1,
                "n_estimators": 100,
                "min_samples_split": 3
            },
            "score": 0.7662011274615558,
            "scoreStd": 0.006994708003799397,
            "fitTime": 14.6428,
            "fitTimeStd": 3.8114830919210436,
            "scoreTime": 1.3865999999999998,
            "scoreTimeStd": 0.4261931956284614
        }
    ],
    "rawImportance": {
        "variables": [
            "Weight",
            "Height",
            "Age",
            "IMC",
            "dummy:NOC:USA",
            "dummy:NOC:GBR",
            "dummy:NOC:FRA",
            "dummy:NOC:JPN",
            "dummy:NOC:AUS",
            "dummy:NOC:CAN",
            "dummy:NOC:ITA",
            "dummy:NOC:GER",
            "dummy:NOC:HUN",
            "dummy:NOC:POL",
            "dummy:NOC:CHN",
            "dummy:NOC:URS",
            "dummy:NOC:RUS",
            "dummy:NOC:ESP",
            "dummy:NOC:ROU",
            "dummy:NOC:BUL",
            "dummy:NOC:KOR",
            "dummy:NOC:SWE",
            "dummy:NOC:FIN",
            "dummy:NOC:SUI",
            "dummy:NOC:FRG",
            "dummy:NOC:BRA",
            "dummy:NOC:UKR",
            "dummy:NOC:MEX",
            "dummy:NOC:GDR",
            "dummy:NOC:CUB",
            "dummy:NOC:NED",
            "dummy:NOC:TCH",
            "dummy:NOC:BEL",
            "dummy:NOC:GRE",
            "dummy:NOC:AUT",
            "dummy:NOC:BLR",
            "dummy:NOC:ARG",
            "dummy:NOC:NZL",
            "dummy:NOC:POR",
            "dummy:NOC:TUR",
            "dummy:NOC:DEN",
            "dummy:NOC:TPE",
            "dummy:NOC:CZE",
            "dummy:NOC:NOR",
            "dummy:NOC:COL",
            "dummy:NOC:IRL",
            "dummy:NOC:KAZ",
            "dummy:NOC:YUG",
            "dummy:NOC:RSA",
            "dummy:NOC:VEN",
            "dummy:NOC:JAM",
            "dummy:NOC:EGY",
            "dummy:NOC:IRI",
            "dummy:NOC:KEN",
            "dummy:NOC:THA",
            "dummy:NOC:PRK",
            "dummy:NOC:IND",
            "dummy:NOC:MGL",
            "dummy:NOC:PUR",
            "dummy:NOC:NGR",
            "dummy:NOC:ISR",
            "dummy:NOC:PHI",
            "dummy:NOC:HKG",
            "dummy:NOC:UZB",
            "dummy:NOC:ALG",
            "dummy:NOC:MAR",
            "dummy:NOC:SVK",
            "dummy:NOC:LTU",
            "dummy:NOC:SLO",
            "dummy:NOC:LAT",
            "dummy:NOC:CRO",
            "dummy:NOC:LUX",
            "dummy:NOC:ETH",
            "dummy:NOC:TUN",
            "dummy:NOC:MAS",
            "dummy:NOC:CHI",
            "dummy:NOC:EUN",
            "dummy:NOC:EST",
            "dummy:NOC:ECU",
            "dummy:NOC:GEO",
            "dummy:NOC:AZE",
            "dummy:NOC:PER",
            "dummy:NOC:GUA",
            "dummy:NOC:BAH",
            "dummy:NOC:TTO",
            "dummy:NOC:INA",
            "dummy:NOC:ISL",
            "dummy:NOC:ZIM",
            "dummy:NOC:SGP",
            "dummy:NOC:SEN",
            "dummy:NOC:UGA",
            "dummy:NOC:URU",
            "dummy:NOC:KGZ",
            "dummy:NOC:ARM",
            "dummy:NOC:MDA",
            "dummy:NOC:BAR",
            "dummy:NOC:SRB",
            "dummy:NOC:LIB",
            "dummy:NOC:PAK",
            "dummy:NOC:KUW",
            "dummy:NOC:CMR",
            "dummy:NOC:ESA",
            "dummy:NOC:DOM",
            "dummy:NOC:ISV",
            "dummy:NOC:GHA",
            "dummy:NOC:__Others__",
            "dummy:Sex:M",
            "dummy:Sex:F",
            "dummy:City:Rio de Janeiro",
            "dummy:City:Beijing",
            "dummy:City:Athina",
            "dummy:City:Sydney",
            "dummy:City:London",
            "dummy:City:Atlanta",
            "dummy:City:Seoul",
            "dummy:City:Barcelona",
            "dummy:City:Munich",
            "dummy:City:Los Angeles",
            "dummy:City:Mexico City",
            "dummy:City:Tokyo",
            "dummy:City:Roma",
            "dummy:City:Montreal",
            "dummy:City:Moskva",
            "dummy:City:Melbourne",
            "dummy:City:Helsinki",
            "dummy:City_in_Country:False",
            "dummy:City_in_Country:True",
            "dummy:Sport:Athletics",
            "dummy:Sport:Gymnastics",
            "dummy:Sport:Swimming",
            "dummy:Sport:Cycling",
            "dummy:Sport:Wrestling",
            "dummy:Sport:Shooting",
            "dummy:Sport:Boxing",
            "dummy:Sport:Judo",
            "dummy:Sport:Fencing",
            "dummy:Sport:Weightlifting",
            "dummy:Sport:Canoeing",
            "dummy:Sport:Diving",
            "dummy:Sport:Archery",
            "dummy:Sport:Tennis",
            "dummy:Sport:Table Tennis",
            "dummy:Sport:Sailing",
            "dummy:Sport:Modern Pentathlon",
            "dummy:Sport:Taekwondo",
            "dummy:Sport:Badminton",
            "dummy:Sport:Triathlon",
            "dummy:Sport:Rowing",
            "dummy:Sport:Rhythmic Gymnastics",
            "dummy:Sport:Trampolining",
            "dummy:Sport:Golf",
            "dummy:Event:Floor Exercise",
            "dummy:Event:Individual",
            "dummy:Event:Individual All-Around",
            "dummy:Event:Road Race, Individual",
            "dummy:Event:Singles",
            "dummy:Event:Horse Vault",
            "dummy:Event:Marathon",
            "dummy:Event:100 metres",
            "dummy:Event:200 metres",
            "dummy:Event:100 metres Freestyle",
            "dummy:Event:400 metres",
            "dummy:Event:Lightweight",
            "dummy:Event:Balance Beam",
            "dummy:Event:800 metres",
            "dummy:Event:Parallel Bars",
            "dummy:Event:Pommelled Horse",
            "dummy:Event:Horizontal Bar",
            "dummy:Event:Rings",
            "dummy:Event:Foil, Individual",
            "dummy:Event:Uneven Bars",
            "dummy:Event:Middleweight",
            "dummy:Event:1,500 metres",
            "dummy:Event:100 metres Butterfly",
            "dummy:Event:100 metres Backstroke",
            "dummy:Event:Long Jump",
            "dummy:Event:Heavyweight",
            "dummy:Event:200 metres Freestyle",
            "dummy:Event:100 metres Breaststroke",
            "dummy:Event:400 metres Freestyle",
            "dummy:Event:High Jump",
            "dummy:Event:epee, Individual",
            "dummy:Event:50 metres Freestyle",
            "dummy:Event:200 metres Breaststroke",
            "dummy:Event:20 kilometres Walk",
            "dummy:Event:5,000 metres",
            "dummy:Event:Discus Throw",
            "dummy:Event:10,000 metres",
            "dummy:Event:Javelin Throw",
            "dummy:Event:400 metres Hurdles",
            "dummy:Event:200 metres Individual Medley",
            "dummy:Event:Featherweight",
            "dummy:Event:Air Rifle, 10 metres",
            "dummy:Event:200 metres Backstroke",
            "dummy:Event:Springboard",
            "dummy:Event:Shot Put",
            "dummy:Event:200 metres Butterfly",
            "dummy:Event:Platform",
            "dummy:Event:Triple Jump",
            "dummy:Event:Sabre, Individual",
            "dummy:Event:Flyweight",
            "dummy:Event:400 metres Individual Medley",
            "dummy:Event:Bantamweight",
            "dummy:Event:3,000 metres Steeplechase",
            "dummy:Event:Light-Heavyweight",
            "dummy:Event:Hammer Throw",
            "dummy:Event:50 kilometres Walk",
            "dummy:Event:Air Pistol, 10 metres",
            "dummy:Event:Small-Bore Rifle, Prone, 50 metres",
            "dummy:Event:Pole Vault",
            "dummy:Event:110 metres Hurdles",
            "dummy:Event:Welterweight",
            "dummy:Event:Decathlon",
            "dummy:Event:Olympic Distance",
            "dummy:Event:Single Sculls",
            "dummy:Event:Sprint",
            "dummy:Event:Free Pistol, 50 metres",
            "dummy:Event:Half-Middleweight",
            "dummy:Event:Mountainbike, Cross-Country",
            "dummy:Event:Windsurfer",
            "dummy:Event:Trap",
            "dummy:Event:1,500 metres Freestyle",
            "dummy:Event:Kayak Singles, 500 metres",
            "dummy:Event:Extra-Lightweight",
            "dummy:Event:Half-Heavyweight",
            "dummy:Event:Light-Welterweight",
            "dummy:Event:Half-Lightweight",
            "dummy:Event:One Person Dinghy",
            "dummy:Event:Kayak Singles, Slalom",
            "dummy:Event:100 metres Hurdles",
            "dummy:Event:Middleweight, Freestyle",
            "dummy:Event:Lightweight, Freestyle",
            "dummy:Event:Super-Heavyweight",
            "dummy:Event:Rapid-Fire Pistol, 25 metres",
            "dummy:Event:Individual Time Trial",
            "dummy:Event:Skeet",
            "dummy:Event:Kayak Singles, 1,000 metres",
            "dummy:Event:Light-Flyweight",
            "dummy:Event:Sporting Pistol, 25 metres",
            "dummy:Event:800 metres Freestyle",
            "dummy:Event:Featherweight, Freestyle",
            "dummy:Event:Featherweight, Greco-Roman",
            "dummy:Event:Welterweight, Freestyle",
            "dummy:Event:Light-Heavyweight, Freestyle",
            "dummy:Event:Light-Middleweight",
            "dummy:Event:Welterweight, Greco-Roman",
            "dummy:Event:Heavyweight, Freestyle",
            "dummy:Event:1,000 metres Time Trial",
            "dummy:Event:Heptathlon",
            "dummy:Event:Lightweight, Greco-Roman",
            "dummy:Event:Middleweight, Greco-Roman",
            "dummy:Event:Light-Heavyweight, Greco-Roman",
            "dummy:Event:__Others__"
        ],
        "importances": [
            0.05691926332035971,
            0.043778282157468776,
            0.04842113345422236,
            0.05232760562546504,
            0.08631478736830227,
            0.0020936808990475444,
            0.002038417791374263,
            0.007297741944610457,
            0.005485371572338651,
            0.0030457080371511704,
            0.0016451106580863935,
            0.0014185550308308836,
            0.002096159612599853,
            0.00187257953957057,
            0.02443671492922612,
            0.07503758491043767,
            0.018895807022780306,
            0.003735004241013647,
            0.00368980772152653,
            0.0024430273807365794,
            0.0016188253202346723,
            0.001288614402862903,
            0.0013200899552187188,
            0.003517103400678866,
            0.0011759985321699504,
            0.0021557090742258317,
            0.0007829847586098276,
            0.00223203505030158,
            0.0204842596407227,
            0.005771445555307446,
            0.0007777117654480566,
            0.0006568826499532489,
            0.0008158028217341455,
            0.001164250327089298,
            0.003668046466780111,
            0.0003962554806988313,
            0.0018582345159106864,
            0.0003600542575525275,
            0.0016299233496642163,
            0.0005476363341340656,
            0.0005664493218536687,
            0.0011729545234459517,
            0.00021938059899906303,
            0.0003205494971433678,
            0.0008308280290318842,
            0.0005942505224795884,
            0.0008030078728332323,
            0.00041655747528928955,
            0.00018798897847039107,
            0.0015290730116300265,
            0.0006867572129239861,
            0.0010733192845214644,
            0.0004162579866748435,
            0.0033426611668937135,
            0.00021270180385346693,
            0.0005467843505970247,
            0.0012297525535187469,
            0.00044203411602047047,
            0.0006183323744455825,
            0.0003567801545325733,
            0.00023136529738022898,
            0.0005193035839067792,
            0.0008217076504030527,
            0.0002696812190380253,
            0.0003731236636198285,
            0.0004363677568427051,
            0.00019113913573017217,
            0.0004157590604499736,
            0.0001640255682419373,
            0.0002654207373690772,
            0.0003471136939963461,
            0.00026108310917937795,
            0.0021382836887535515,
            0.0003928180412520379,
            0.00024373476410648035,
            0.0002822933034473369,
            0.0023009005797358967,
            7.265645623432596e-05,
            0.00014240563615130442,
            0.00014218445147620007,
            0.0003499580597981751,
            0.0003339231988113734,
            0.00015419014036537428,
            5.769375529154957e-05,
            0.00013785195915914147,
            8.746173337606593e-05,
            0.00027397807572514406,
            0.0001301625477421045,
            0.00012732330392846067,
            0.00048118981267935125,
            0.0002423256598577732,
            6.553755851130034e-05,
            0.00010585721091183677,
            6.246257542729528e-05,
            9.529866489695917e-05,
            0.00010013289545320931,
            4.5490567926457754e-05,
            5.99487061830085e-05,
            0.00013656239360470068,
            6.17017538575044e-05,
            0.00026226698178394205,
            5.881217302921977e-05,
            9.010867975106912e-05,
            6.797884129243679e-05,
            0.0001345044371113124,
            0.07616773100384315,
            0.00656638931655641,
            0.006718885753042151,
            0.00455102776179239,
            0.003917689706776309,
            0.0029541956007612356,
            0.0039540945546332525,
            0.002791419179292222,
            0.002856429955826414,
            0.0034982950756225818,
            0.0021028033361882017,
            0.002800615096309201,
            0.003054356111087665,
            0.0031983531995517043,
            0.001990335509868756,
            0.0024026792061850534,
            0.002447849580631817,
            0.0033964196037948925,
            0.002263752008961996,
            0.0017999858441130005,
            0.00847822528609445,
            0.009730134489875633,
            0.00826940952705045,
            0.07724972935959673,
            0.008493203787365,
            0.002466729179887753,
            0.031708447055905455,
            0.002679640892664354,
            0.020523229828302982,
            0.011014793842460048,
            0.002559058144186261,
            0.010039982903658415,
            0.004824796820987586,
            0.0015704429999398007,
            0.0014841732159408846,
            0.001306200961112855,
            0.0016907831571731779,
            0.000450457428668115,
            0.00029890073437133956,
            0.005128630592656305,
            0.0004267904235664087,
            0.0004626278075640185,
            0.0002908379206457063,
            0.0003378439127150977,
            0.0003309763313562123,
            5.6321969932605077e-05,
            0.004524082669779432,
            0.0010678392157651435,
            0.005048870745388929,
            0.012506474934133587,
            0.003664393866712432,
            0.004010864779720324,
            0.0038154193073832985,
            0.0037536317471237824,
            0.0012695788831892582,
            0.0012964689292829456,
            0.0004887654031466864,
            0.0014552831228785402,
            0.0028468994928817614,
            0.0005463118751919369,
            0.003095403264580745,
            0.001806566242418297,
            0.001539418731566557,
            0.002375445593409929,
            0.0011225374847948244,
            0.002208224713536523,
            0.0011931876835093694,
            0.0007151517131878711,
            0.0006314980433079422,
            0.0008447939974309072,
            0.0005422368561258696,
            0.004492563820430972,
            0.0007861123966949707,
            0.0005572765638470639,
            0.0007015909883655026,
            0.00042640475288841293,
            0.0008108164368880882,
            0.0016450725745148827,
            0.0006973626333405304,
            0.0009138447875426977,
            0.0008155900563279786,
            0.0007464106113949483,
            0.0007402454495658799,
            0.0011140225686421333,
            0.0005395629785984364,
            0.00042637951112124776,
            0.0024232695703501764,
            0.0007883872600833791,
            0.0005873839556968999,
            0.0008149166270377515,
            0.0005029112398702424,
            0.0005072692561378443,
            0.000722675962746576,
            0.00037967772836218,
            0.0003378513614543247,
            0.001753177480319992,
            0.0006307783286140961,
            0.0006393125160313136,
            0.0006266787574081673,
            0.0016790304085748204,
            0.0006185977929976856,
            0.0002807758614641789,
            0.0007055182239870477,
            0.0005440378684447289,
            0.0003154317800087629,
            0.0010087306167713534,
            0.0016431953124966126,
            0.00022349254578590223,
            0.0005071677279681187,
            0.0002562416453154038,
            0.00016266893215610652,
            0.00031773156785961385,
            0.0004535504512173125,
            0.0003576062395339136,
            0.0003317375392391029,
            0.00027062462106740835,
            0.00020853405426045422,
            0.000353122946219701,
            0.0004065720317953654,
            0.00037250732083954336,
            0.00030759689206934357,
            0.000339162892176103,
            0.0004140374657373783,
            0.0003739812583717825,
            0.00021303930552499028,
            0.0005290004089742416,
            0.00045108484018243836,
            0.0009863955805998498,
            0.0003329808383508793,
            0.00028094696698574616,
            0.0006682022480380631,
            0.00025576478358854416,
            0.00015041699974074966,
            0.00015023775327786186,
            0.00041645114094680634,
            0.00019827162185286147,
            0.0002933046265474642,
            0.0002790010918490601,
            0.0005691123968805775,
            0.00029653812910712045,
            0.00034679182975427255,
            0.00019380134173155528,
            0.00019854296362174532,
            0.000353541295598603,
            0.00022076027976020997,
            0.00021902568196142664,
            0.0003006707260812603,
            0.015327174908052035
        ]
    },
    "probaAware": true
}