{
    "diagnostics": [
        {
            "type": "ML_DIAGNOSTICS_DATASET_SANITY_CHECKS",
            "message": "The train dataset is imbalanced (balance=0.43), metrics can be misleading",
            "step": "Loading train set"
        },
        {
            "type": "ML_DIAGNOSTICS_DATASET_SANITY_CHECKS",
            "message": "The test dataset is imbalanced (balance=0.41), metrics can be misleading",
            "step": "Loading test set"
        },
        {
            "type": "ML_DIAGNOSTICS_DATASET_SANITY_CHECKS",
            "message": "Target variable distribution in test data does not match the training data distribution (p-value=0.010), metrics could be misleading",
            "step": "Scoring model"
        }
    ]
}