{
  "state": "DONE",
  "preSearchDescription": {
    "gridLength": 2,
    "searchStrategy": "GRID",
    "importantParams": [
      {
        "name": "trees",
        "vals": [
          "100"
        ]
      },
      {
        "name": "depth",
        "vals": [
          "6",
          "14"
        ]
      },
      {
        "name": "min_samples",
        "vals": [
          "1"
        ]
      }
    ]
  },
  "postSearchDescription": {
    "importantParams": [
      {
        "name": "trees",
        "val": "100"
      },
      {
        "name": "depth",
        "val": "14"
      },
      {
        "name": "min_samples",
        "val": "1"
      }
    ]
  },
  "resumed": false,
  "timeOrderingEnabled": false,
  "sampleWeightsEnabled": false,
  "modelId": "m1",
  "progress": {
    "top_level_todo": [],
    "stack": [],
    "top_level_done": [
      {
        "name": "Loading train set",
        "time": 278
      },
      {
        "name": "Loading test set",
        "time": 64
      },
      {
        "name": "Collecting statistics",
        "time": 96
      },
      {
        "name": "Preprocessing train set",
        "time": 317
      },
      {
        "name": "Preprocessing test set",
        "time": 90
      },
      {
        "name": "Hyperparameter searching",
        "time": 39400
      },
      {
        "name": "Fitting model",
        "time": 6911
      },
      {
        "name": "Saving model",
        "time": 1648
      },
      {
        "name": "Scoring model",
        "time": 2668
      },
      {
        "name": "Preparing explainability",
        "time": 7791
      }
    ]
  },
  "startTime": 1718712852349,
  "endTime": 1718712911626,
  "preprocessingTime": 849,
  "trainingTime": 58428,
  "hyperparamsSearchTime": 39400,
  "pythonVersion": "3.7.13"
}