{
  "trainedWithDSSVersion": "12.6.4",
  "backend": "PY_MEMORY",
  "isValid": true,
  "type": "BINARY_PROBABILISTIC",
  "algorithm_name": "FOREST_CLASSIFIER",
  "columns": [
    "Weight",
    "Height",
    "Age",
    "IMC",
    "dummy:NOC:USA",
    "dummy:NOC:GBR",
    "dummy:NOC:FRA",
    "dummy:NOC:JPN",
    "dummy:NOC:AUS",
    "dummy:NOC:CAN",
    "dummy:NOC:ITA",
    "dummy:NOC:GER",
    "dummy:NOC:HUN",
    "dummy:NOC:POL",
    "dummy:NOC:CHN",
    "dummy:NOC:URS",
    "dummy:NOC:RUS",
    "dummy:NOC:ESP",
    "dummy:NOC:ROU",
    "dummy:NOC:BUL",
    "dummy:NOC:KOR",
    "dummy:NOC:SWE",
    "dummy:NOC:FIN",
    "dummy:NOC:SUI",
    "dummy:NOC:FRG",
    "dummy:NOC:BRA",
    "dummy:NOC:UKR",
    "dummy:NOC:MEX",
    "dummy:NOC:GDR",
    "dummy:NOC:CUB",
    "dummy:NOC:NED",
    "dummy:NOC:TCH",
    "dummy:NOC:BEL",
    "dummy:NOC:GRE",
    "dummy:NOC:AUT",
    "dummy:NOC:BLR",
    "dummy:NOC:ARG",
    "dummy:NOC:NZL",
    "dummy:NOC:POR",
    "dummy:NOC:TUR",
    "dummy:NOC:DEN",
    "dummy:NOC:TPE",
    "dummy:NOC:CZE",
    "dummy:NOC:NOR",
    "dummy:NOC:COL",
    "dummy:NOC:IRL",
    "dummy:NOC:KAZ",
    "dummy:NOC:YUG",
    "dummy:NOC:RSA",
    "dummy:NOC:VEN",
    "dummy:NOC:JAM",
    "dummy:NOC:EGY",
    "dummy:NOC:IRI",
    "dummy:NOC:KEN",
    "dummy:NOC:THA",
    "dummy:NOC:PRK",
    "dummy:NOC:IND",
    "dummy:NOC:MGL",
    "dummy:NOC:PUR",
    "dummy:NOC:NGR",
    "dummy:NOC:ISR",
    "dummy:NOC:PHI",
    "dummy:NOC:HKG",
    "dummy:NOC:UZB",
    "dummy:NOC:ALG",
    "dummy:NOC:MAR",
    "dummy:NOC:SVK",
    "dummy:NOC:LTU",
    "dummy:NOC:SLO",
    "dummy:NOC:LAT",
    "dummy:NOC:CRO",
    "dummy:NOC:LUX",
    "dummy:NOC:ETH",
    "dummy:NOC:TUN",
    "dummy:NOC:MAS",
    "dummy:NOC:CHI",
    "dummy:NOC:EUN",
    "dummy:NOC:EST",
    "dummy:NOC:ECU",
    "dummy:NOC:GEO",
    "dummy:NOC:AZE",
    "dummy:NOC:PER",
    "dummy:NOC:GUA",
    "dummy:NOC:BAH",
    "dummy:NOC:TTO",
    "dummy:NOC:INA",
    "dummy:NOC:ISL",
    "dummy:NOC:ZIM",
    "dummy:NOC:SGP",
    "dummy:NOC:SEN",
    "dummy:NOC:UGA",
    "dummy:NOC:URU",
    "dummy:NOC:KGZ",
    "dummy:NOC:ARM",
    "dummy:NOC:MDA",
    "dummy:NOC:BAR",
    "dummy:NOC:SRB",
    "dummy:NOC:LIB",
    "dummy:NOC:PAK",
    "dummy:NOC:KUW",
    "dummy:NOC:CMR",
    "dummy:NOC:ESA",
    "dummy:NOC:DOM",
    "dummy:NOC:ISV",
    "dummy:NOC:GHA",
    "dummy:NOC:N/A",
    "dummy:NOC:__Others__",
    "dummy:Sex:M",
    "dummy:Sex:F",
    "dummy:Sex:N/A",
    "dummy:Sex:__Others__",
    "dummy:City_in_Country:False",
    "dummy:City_in_Country:True",
    "dummy:City_in_Country:N/A",
    "dummy:City_in_Country:__Others__",
    "dummy:Sport:Athletics",
    "dummy:Sport:Gymnastics",
    "dummy:Sport:Swimming",
    "dummy:Sport:Cycling",
    "dummy:Sport:Wrestling",
    "dummy:Sport:Shooting",
    "dummy:Sport:Boxing",
    "dummy:Sport:Judo",
    "dummy:Sport:Fencing",
    "dummy:Sport:Weightlifting",
    "dummy:Sport:Canoeing",
    "dummy:Sport:Diving",
    "dummy:Sport:Archery",
    "dummy:Sport:Tennis",
    "dummy:Sport:Table Tennis",
    "dummy:Sport:Sailing",
    "dummy:Sport:Modern Pentathlon",
    "dummy:Sport:Taekwondo",
    "dummy:Sport:Badminton",
    "dummy:Sport:Triathlon",
    "dummy:Sport:Rowing",
    "dummy:Sport:Rhythmic Gymnastics",
    "dummy:Sport:Trampolining",
    "dummy:Sport:Golf",
    "dummy:Sport:N/A",
    "dummy:Sport:__Others__",
    "dummy:Event:Floor Exercise",
    "dummy:Event:Individual",
    "dummy:Event:Individual All-Around",
    "dummy:Event:Road Race, Individual",
    "dummy:Event:Singles",
    "dummy:Event:Horse Vault",
    "dummy:Event:Marathon",
    "dummy:Event:100 metres",
    "dummy:Event:200 metres",
    "dummy:Event:100 metres Freestyle",
    "dummy:Event:400 metres",
    "dummy:Event:Lightweight",
    "dummy:Event:Balance Beam",
    "dummy:Event:800 metres",
    "dummy:Event:Parallel Bars",
    "dummy:Event:Pommelled Horse",
    "dummy:Event:Horizontal Bar",
    "dummy:Event:Rings",
    "dummy:Event:Foil, Individual",
    "dummy:Event:Uneven Bars",
    "dummy:Event:Middleweight",
    "dummy:Event:1,500 metres",
    "dummy:Event:100 metres Butterfly",
    "dummy:Event:100 metres Backstroke",
    "dummy:Event:Long Jump",
    "dummy:Event:Heavyweight",
    "dummy:Event:200 metres Freestyle",
    "dummy:Event:100 metres Breaststroke",
    "dummy:Event:400 metres Freestyle",
    "dummy:Event:High Jump",
    "dummy:Event:epee, Individual",
    "dummy:Event:50 metres Freestyle",
    "dummy:Event:200 metres Breaststroke",
    "dummy:Event:20 kilometres Walk",
    "dummy:Event:5,000 metres",
    "dummy:Event:Discus Throw",
    "dummy:Event:10,000 metres",
    "dummy:Event:Javelin Throw",
    "dummy:Event:400 metres Hurdles",
    "dummy:Event:200 metres Individual Medley",
    "dummy:Event:Featherweight",
    "dummy:Event:Air Rifle, 10 metres",
    "dummy:Event:200 metres Backstroke",
    "dummy:Event:Springboard",
    "dummy:Event:Shot Put",
    "dummy:Event:200 metres Butterfly",
    "dummy:Event:Platform",
    "dummy:Event:Triple Jump",
    "dummy:Event:Sabre, Individual",
    "dummy:Event:Flyweight",
    "dummy:Event:400 metres Individual Medley",
    "dummy:Event:Bantamweight",
    "dummy:Event:3,000 metres Steeplechase",
    "dummy:Event:Light-Heavyweight",
    "dummy:Event:Hammer Throw",
    "dummy:Event:50 kilometres Walk",
    "dummy:Event:Air Pistol, 10 metres",
    "dummy:Event:Small-Bore Rifle, Prone, 50 metres",
    "dummy:Event:Pole Vault",
    "dummy:Event:110 metres Hurdles",
    "dummy:Event:Welterweight",
    "dummy:Event:Decathlon",
    "dummy:Event:Olympic Distance",
    "dummy:Event:Single Sculls",
    "dummy:Event:Sprint",
    "dummy:Event:Free Pistol, 50 metres",
    "dummy:Event:Half-Middleweight",
    "dummy:Event:Mountainbike, Cross-Country",
    "dummy:Event:Windsurfer",
    "dummy:Event:Trap",
    "dummy:Event:1,500 metres Freestyle",
    "dummy:Event:Kayak Singles, 500 metres",
    "dummy:Event:Extra-Lightweight",
    "dummy:Event:Half-Heavyweight",
    "dummy:Event:Light-Welterweight",
    "dummy:Event:Half-Lightweight",
    "dummy:Event:One Person Dinghy",
    "dummy:Event:Kayak Singles, Slalom",
    "dummy:Event:100 metres Hurdles",
    "dummy:Event:Middleweight, Freestyle",
    "dummy:Event:Lightweight, Freestyle",
    "dummy:Event:Super-Heavyweight",
    "dummy:Event:Rapid-Fire Pistol, 25 metres",
    "dummy:Event:Individual Time Trial",
    "dummy:Event:Skeet",
    "dummy:Event:Kayak Singles, 1,000 metres",
    "dummy:Event:Light-Flyweight",
    "dummy:Event:Sporting Pistol, 25 metres",
    "dummy:Event:800 metres Freestyle",
    "dummy:Event:Featherweight, Freestyle",
    "dummy:Event:Featherweight, Greco-Roman",
    "dummy:Event:Welterweight, Freestyle",
    "dummy:Event:Light-Heavyweight, Freestyle",
    "dummy:Event:Light-Middleweight",
    "dummy:Event:Welterweight, Greco-Roman",
    "dummy:Event:Heavyweight, Freestyle",
    "dummy:Event:1,000 metres Time Trial",
    "dummy:Event:Heptathlon",
    "dummy:Event:Lightweight, Greco-Roman",
    "dummy:Event:Middleweight, Greco-Roman",
    "dummy:Event:Light-Heavyweight, Greco-Roman",
    "dummy:Event:N/A",
    "dummy:Event:__Others__"
  ],
  "classes": [
    "No",
    "Yes"
  ]
}