{
    "perClassFacts": {
        "unique": {
            "NOC": {
                "impact": 0.1836617875170814,
                "rank": 1,
                "feature": "NOC",
                "positiveCategoricalValue": "USA",
                "negativeCategoricalValue": "ESP",
                "infoGain": 0.5100626577952634,
                "type": "CATEGORICAL"
            },
            "Sport": {
                "impact": 0.17896282724295315,
                "rank": 2,
                "feature": "Sport",
                "positiveCategoricalValue": "Swimming",
                "negativeCategoricalValue": "Athletics",
                "infoGain": 0.5767455791952567,
                "type": "CATEGORICAL"
            },
            "Event": {
                "impact": 0.08069381104625743,
                "rank": 3,
                "feature": "Event",
                "positiveCategoricalValue": "Individual",
                "negativeCategoricalValue": "Uneven Bars",
                "infoGain": 0.5890184693300937,
                "type": "CATEGORICAL"
            }
        }
    }
}