[
    {
        "test_score_gib": 0.7206081534432038,
        "train_score": 0.7524019688200909,
        "test_score": 0.7206081534432038,
        "num_samples": 11887,
        "fit_time": 7616,
        "score_time": 1615,
        "time": 9231,
        "parameters": {
            "max_depth": 6,
            "max_features": "sqrt",
            "min_samples_leaf": 1,
            "n_estimators": 100,
            "min_samples_split": 3
        },
        "done_at": 1718716681018,
        "split_id": 0
    },
    {
        "test_score_gib": 0.73834490477591,
        "train_score": 0.7548406188798695,
        "test_score": 0.73834490477591,
        "num_samples": 11887,
        "fit_time": 7498,
        "score_time": 1600,
        "time": 9098,
        "parameters": {
            "max_depth": 6,
            "max_features": "sqrt",
            "min_samples_leaf": 1,
            "n_estimators": 100,
            "min_samples_split": 3
        },
        "done_at": 1718716680890,
        "split_id": 1
    },
    {
        "test_score_gib": 0.739411877998024,
        "train_score": 0.7517819951797509,
        "test_score": 0.739411877998024,
        "num_samples": 11887,
        "fit_time": 7386,
        "score_time": 1401,
        "time": 8787,
        "parameters": {
            "max_depth": 6,
            "max_features": "sqrt",
            "min_samples_leaf": 1,
            "n_estimators": 100,
            "min_samples_split": 3
        },
        "done_at": 1718716680583,
        "split_id": 2
    },
    {
        "test_score_gib": 0.7356503334981181,
        "train_score": 0.7515408523814783,
        "test_score": 0.7356503334981181,
        "num_samples": 11887,
        "fit_time": 7398,
        "score_time": 1541,
        "time": 8939,
        "parameters": {
            "max_depth": 6,
            "max_features": "sqrt",
            "min_samples_leaf": 1,
            "n_estimators": 100,
            "min_samples_split": 3
        },
        "done_at": 1718716680739,
        "split_id": 3
    },
    {
        "test_score_gib": 0.750223695152137,
        "train_score": 0.751161731573299,
        "test_score": 0.750223695152137,
        "num_samples": 11887,
        "fit_time": 6905,
        "score_time": 1481,
        "time": 8386,
        "parameters": {
            "max_depth": 6,
            "max_features": "sqrt",
            "min_samples_leaf": 1,
            "n_estimators": 100,
            "min_samples_split": 3
        },
        "done_at": 1718716689016,
        "split_id": 4
    },
    {
        "test_score_gib": 0.7110781396555093,
        "train_score": 0.7418831817446063,
        "test_score": 0.7110781396555093,
        "num_samples": 11887,
        "fit_time": 3410,
        "score_time": 935,
        "time": 4345,
        "parameters": {
            "max_depth": 5,
            "max_features": "sqrt",
            "min_samples_leaf": 1,
            "n_estimators": 50,
            "min_samples_split": 3
        },
        "done_at": 1718716701169,
        "split_id": 0
    },
    {
        "test_score_gib": 0.7297805250031463,
        "train_score": 0.742470662679309,
        "test_score": 0.7297805250031463,
        "num_samples": 11887,
        "fit_time": 3541,
        "score_time": 779,
        "time": 4320,
        "parameters": {
            "max_depth": 5,
            "max_features": "sqrt",
            "min_samples_leaf": 1,
            "n_estimators": 50,
            "min_samples_split": 3
        },
        "done_at": 1718716701556,
        "split_id": 1
    },
    {
        "test_score_gib": 0.7323765817086034,
        "train_score": 0.7382055809629784,
        "test_score": 0.7323765817086034,
        "num_samples": 11887,
        "fit_time": 3014,
        "score_time": 810,
        "time": 3824,
        "parameters": {
            "max_depth": 5,
            "max_features": "sqrt",
            "min_samples_leaf": 1,
            "n_estimators": 50,
            "min_samples_split": 3
        },
        "done_at": 1718716705010,
        "split_id": 2
    },
    {
        "test_score_gib": 0.7230219994729666,
        "train_score": 0.7364508119334091,
        "test_score": 0.7230219994729666,
        "num_samples": 11887,
        "fit_time": 3094,
        "score_time": 1144,
        "time": 4238,
        "parameters": {
            "max_depth": 5,
            "max_features": "sqrt",
            "min_samples_leaf": 1,
            "n_estimators": 50,
            "min_samples_split": 3
        },
        "done_at": 1718716705806,
        "split_id": 3
    },
    {
        "test_score_gib": 0.7368579098119502,
        "train_score": 0.7361941055824172,
        "test_score": 0.7368579098119502,
        "num_samples": 11887,
        "fit_time": 2709,
        "score_time": 889,
        "time": 3598,
        "parameters": {
            "max_depth": 5,
            "max_features": "sqrt",
            "min_samples_leaf": 1,
            "n_estimators": 50,
            "min_samples_split": 3
        },
        "done_at": 1718716706640,
        "split_id": 4
    },
    {
        "test_score_gib": 0.7493821437188117,
        "train_score": 0.8273761607975643,
        "test_score": 0.7493821437188117,
        "num_samples": 11887,
        "fit_time": 14266,
        "score_time": 1768,
        "time": 16034,
        "parameters": {
            "max_depth": 14,
            "max_features": "sqrt",
            "min_samples_leaf": 1,
            "n_estimators": 100,
            "min_samples_split": 3
        },
        "done_at": 1718716696796,
        "split_id": 0
    },
    {
        "test_score_gib": 0.766369975713355,
        "train_score": 0.8308349802576809,
        "test_score": 0.766369975713355,
        "num_samples": 11887,
        "fit_time": 14144,
        "score_time": 2154,
        "time": 16298,
        "parameters": {
            "max_depth": 14,
            "max_features": "sqrt",
            "min_samples_leaf": 1,
            "n_estimators": 100,
            "min_samples_split": 3
        },
        "done_at": 1718716697215,
        "split_id": 1
    },
    {
        "test_score_gib": 0.7672789866635518,
        "train_score": 0.829586514707104,
        "test_score": 0.7672789866635518,
        "num_samples": 11887,
        "fit_time": 13250,
        "score_time": 1928,
        "time": 15178,
        "parameters": {
            "max_depth": 14,
            "max_features": "sqrt",
            "min_samples_leaf": 1,
            "n_estimators": 100,
            "min_samples_split": 3
        },
        "done_at": 1718716696229,
        "split_id": 2
    },
    {
        "test_score_gib": 0.7658020068291846,
        "train_score": 0.8295410775983432,
        "test_score": 0.7658020068291846,
        "num_samples": 11887,
        "fit_time": 12176,
        "score_time": 1797,
        "time": 13973,
        "parameters": {
            "max_depth": 14,
            "max_features": "sqrt",
            "min_samples_leaf": 1,
            "n_estimators": 100,
            "min_samples_split": 3
        },
        "done_at": 1718716703023,
        "split_id": 3
    },
    {
        "test_score_gib": 0.7801303736334275,
        "train_score": 0.827226491802649,
        "test_score": 0.7801303736334275,
        "num_samples": 11887,
        "fit_time": 11879,
        "score_time": 1909,
        "time": 13788,
        "parameters": {
            "max_depth": 14,
            "max_features": "sqrt",
            "min_samples_leaf": 1,
            "n_estimators": 100,
            "min_samples_split": 3
        },
        "done_at": 1718716710043,
        "split_id": 4
    },
    {
        "test_score_gib": 0.7158449499700675,
        "train_score": 0.7460999778774802,
        "test_score": 0.7158449499700675,
        "num_samples": 11887,
        "fit_time": 3505,
        "score_time": 815,
        "time": 4320,
        "parameters": {
            "max_depth": 6,
            "max_features": "sqrt",
            "min_samples_leaf": 1,
            "n_estimators": 50,
            "min_samples_split": 3
        },
        "done_at": 1718716722150,
        "split_id": 0
    },
    {
        "test_score_gib": 0.7383445136726233,
        "train_score": 0.7548703472888048,
        "test_score": 0.7383445136726233,
        "num_samples": 11887,
        "fit_time": 3426,
        "score_time": 908,
        "time": 4334,
        "parameters": {
            "max_depth": 6,
            "max_features": "sqrt",
            "min_samples_leaf": 1,
            "n_estimators": 50,
            "min_samples_split": 3
        },
        "done_at": 1718716722564,
        "split_id": 1
    },
    {
        "test_score_gib": 0.7333743296489666,
        "train_score": 0.7442699184209338,
        "test_score": 0.7333743296489666,
        "num_samples": 11887,
        "fit_time": 3470,
        "score_time": 921,
        "time": 4391,
        "parameters": {
            "max_depth": 6,
            "max_features": "sqrt",
            "min_samples_leaf": 1,
            "n_estimators": 50,
            "min_samples_split": 3
        },
        "done_at": 1718716726115,
        "split_id": 2
    },
    {
        "test_score_gib": 0.7361637652017501,
        "train_score": 0.7509304967557937,
        "test_score": 0.7361637652017501,
        "num_samples": 11887,
        "fit_time": 3825,
        "score_time": 783,
        "time": 4608,
        "parameters": {
            "max_depth": 6,
            "max_features": "sqrt",
            "min_samples_leaf": 1,
            "n_estimators": 50,
            "min_samples_split": 3
        },
        "done_at": 1718716726780,
        "split_id": 3
    },
    {
        "test_score_gib": 0.7472949038492933,
        "train_score": 0.7506064816939326,
        "test_score": 0.7472949038492933,
        "num_samples": 11887,
        "fit_time": 3715,
        "score_time": 948,
        "time": 4663,
        "parameters": {
            "max_depth": 6,
            "max_features": "sqrt",
            "min_samples_leaf": 1,
            "n_estimators": 50,
            "min_samples_split": 3
        },
        "done_at": 1718716727248,
        "split_id": 4
    },
    {
        "test_score_gib": 0.7219512021298269,
        "train_score": 0.7528506782587548,
        "test_score": 0.7219512021298269,
        "num_samples": 11887,
        "fit_time": 10275,
        "score_time": 2052,
        "time": 12327,
        "parameters": {
            "max_depth": 6,
            "max_features": "sqrt",
            "min_samples_leaf": 1,
            "n_estimators": 150,
            "min_samples_split": 3
        },
        "done_at": 1718716717358,
        "split_id": 0
    },
    {
        "test_score_gib": 0.7382399152713839,
        "train_score": 0.7552671053281492,
        "test_score": 0.7382399152713839,
        "num_samples": 11887,
        "fit_time": 9680,
        "score_time": 2296,
        "time": 11976,
        "parameters": {
            "max_depth": 6,
            "max_features": "sqrt",
            "min_samples_leaf": 1,
            "n_estimators": 150,
            "min_samples_split": 3
        },
        "done_at": 1718716717803,
        "split_id": 1
    },
    {
        "test_score_gib": 0.7401168199443903,
        "train_score": 0.752759969681802,
        "test_score": 0.7401168199443903,
        "num_samples": 11887,
        "fit_time": 9676,
        "score_time": 1879,
        "time": 11555,
        "parameters": {
            "max_depth": 6,
            "max_features": "sqrt",
            "min_samples_leaf": 1,
            "n_estimators": 150,
            "min_samples_split": 3
        },
        "done_at": 1718716718215,
        "split_id": 2
    },
    {
        "test_score_gib": 0.7337571763107522,
        "train_score": 0.7508844812627524,
        "test_score": 0.7337571763107522,
        "num_samples": 11887,
        "fit_time": 9651,
        "score_time": 1992,
        "time": 11643,
        "parameters": {
            "max_depth": 6,
            "max_features": "sqrt",
            "min_samples_leaf": 1,
            "n_estimators": 150,
            "min_samples_split": 3
        },
        "done_at": 1718716721710,
        "split_id": 3
    },
    {
        "test_score_gib": 0.7484396047403921,
        "train_score": 0.7514383475208224,
        "test_score": 0.7484396047403921,
        "num_samples": 11887,
        "fit_time": 8834,
        "score_time": 2051,
        "time": 10885,
        "parameters": {
            "max_depth": 6,
            "max_features": "sqrt",
            "min_samples_leaf": 1,
            "n_estimators": 150,
            "min_samples_split": 3
        },
        "done_at": 1718716728258,
        "split_id": 4
    },
    {
        "test_score_gib": 0.7150291519698744,
        "train_score": 0.7462512104320322,
        "test_score": 0.7150291519698744,
        "num_samples": 11887,
        "fit_time": 5373,
        "score_time": 1378,
        "time": 6751,
        "parameters": {
            "max_depth": 5,
            "max_features": "sqrt",
            "min_samples_leaf": 1,
            "n_estimators": 100,
            "min_samples_split": 3
        },
        "done_at": 1718716732883,
        "split_id": 0
    },
    {
        "test_score_gib": 0.7339399519134164,
        "train_score": 0.7452544533756693,
        "test_score": 0.7339399519134164,
        "num_samples": 11887,
        "fit_time": 5577,
        "score_time": 1350,
        "time": 6927,
        "parameters": {
            "max_depth": 5,
            "max_features": "sqrt",
            "min_samples_leaf": 1,
            "n_estimators": 100,
            "min_samples_split": 3
        },
        "done_at": 1718716733729,
        "split_id": 1
    },
    {
        "test_score_gib": 0.7380969887480453,
        "train_score": 0.7434962493408659,
        "test_score": 0.7380969887480453,
        "num_samples": 11887,
        "fit_time": 5832,
        "score_time": 1257,
        "time": 7089,
        "parameters": {
            "max_depth": 5,
            "max_features": "sqrt",
            "min_samples_leaf": 1,
            "n_estimators": 100,
            "min_samples_split": 3
        },
        "done_at": 1718716734358,
        "split_id": 2
    },
    {
        "test_score_gib": 0.7243491432925959,
        "train_score": 0.7411514441671669,
        "test_score": 0.7243491432925959,
        "num_samples": 11887,
        "fit_time": 5492,
        "score_time": 1289,
        "time": 6781,
        "parameters": {
            "max_depth": 5,
            "max_features": "sqrt",
            "min_samples_leaf": 1,
            "n_estimators": 100,
            "min_samples_split": 3
        },
        "done_at": 1718716735063,
        "split_id": 3
    },
    {
        "test_score_gib": 0.7417347420107138,
        "train_score": 0.7412100215306705,
        "test_score": 0.7417347420107138,
        "num_samples": 11887,
        "fit_time": 4809,
        "score_time": 1293,
        "time": 6102,
        "parameters": {
            "max_depth": 5,
            "max_features": "sqrt",
            "min_samples_leaf": 1,
            "n_estimators": 100,
            "min_samples_split": 3
        },
        "done_at": 1718716739004,
        "split_id": 4
    },
    {
        "test_score_gib": 0.7490078578734133,
        "train_score": 0.8247423128316562,
        "test_score": 0.7490078578734133,
        "num_samples": 11887,
        "fit_time": 6118,
        "score_time": 1171,
        "time": 7289,
        "parameters": {
            "max_depth": 14,
            "max_features": "sqrt",
            "min_samples_leaf": 1,
            "n_estimators": 50,
            "min_samples_split": 3
        },
        "done_at": 1718716741028,
        "split_id": 0
    },
    {
        "test_score_gib": 0.764474428450348,
        "train_score": 0.8286474603078358,
        "test_score": 0.764474428450348,
        "num_samples": 11887,
        "fit_time": 6195,
        "score_time": 1004,
        "time": 7199,
        "parameters": {
            "max_depth": 14,
            "max_features": "sqrt",
            "min_samples_leaf": 1,
            "n_estimators": 50,
            "min_samples_split": 3
        },
        "done_at": 1718716741573,
        "split_id": 1
    },
    {
        "test_score_gib": 0.7640390870362993,
        "train_score": 0.8261276843853107,
        "test_score": 0.7640390870362993,
        "num_samples": 11887,
        "fit_time": 6270,
        "score_time": 1075,
        "time": 7345,
        "parameters": {
            "max_depth": 14,
            "max_features": "sqrt",
            "min_samples_leaf": 1,
            "n_estimators": 50,
            "min_samples_split": 3
        },
        "done_at": 1718716742425,
        "split_id": 2
    },
    {
        "test_score_gib": 0.7634703794014764,
        "train_score": 0.8275737292646181,
        "test_score": 0.7634703794014764,
        "num_samples": 11887,
        "fit_time": 6339,
        "score_time": 1065,
        "time": 7404,
        "parameters": {
            "max_depth": 14,
            "max_features": "sqrt",
            "min_samples_leaf": 1,
            "n_estimators": 50,
            "min_samples_split": 3
        },
        "done_at": 1718716746426,
        "split_id": 3
    },
    {
        "test_score_gib": 0.7768535349044328,
        "train_score": 0.8255640230865664,
        "test_score": 0.7768535349044328,
        "num_samples": 11887,
        "fit_time": 5996,
        "score_time": 1092,
        "time": 7088,
        "parameters": {
            "max_depth": 14,
            "max_features": "sqrt",
            "min_samples_leaf": 1,
            "n_estimators": 50,
            "min_samples_split": 3
        },
        "done_at": 1718716748133,
        "split_id": 4
    },
    {
        "test_score_gib": 0.7504923990379903,
        "train_score": 0.8288251220370466,
        "test_score": 0.7504923990379903,
        "num_samples": 11887,
        "fit_time": 20244,
        "score_time": 2264,
        "time": 22508,
        "parameters": {
            "max_depth": 14,
            "max_features": "sqrt",
            "min_samples_leaf": 1,
            "n_estimators": 150,
            "min_samples_split": 3
        },
        "done_at": 1718716764098,
        "split_id": 0
    },
    {
        "test_score_gib": 0.7667911939531609,
        "train_score": 0.8310486457294997,
        "test_score": 0.7667911939531609,
        "num_samples": 11887,
        "fit_time": 19220,
        "score_time": 2127,
        "time": 21347,
        "parameters": {
            "max_depth": 14,
            "max_features": "sqrt",
            "min_samples_leaf": 1,
            "n_estimators": 150,
            "min_samples_split": 3
        },
        "done_at": 1718716763793,
        "split_id": 1
    },
    {
        "test_score_gib": 0.768866561816221,
        "train_score": 0.8313461687757372,
        "test_score": 0.768866561816221,
        "num_samples": 11887,
        "fit_time": 17265,
        "score_time": 2645,
        "time": 19910,
        "parameters": {
            "max_depth": 14,
            "max_features": "sqrt",
            "min_samples_leaf": 1,
            "n_estimators": 150,
            "min_samples_split": 3
        },
        "done_at": 1718716766350,
        "split_id": 2
    },
    {
        "test_score_gib": 0.765014715913002,
        "train_score": 0.8298982937039178,
        "test_score": 0.765014715913002,
        "num_samples": 11887,
        "fit_time": 19184,
        "score_time": 2657,
        "time": 21841,
        "parameters": {
            "max_depth": 14,
            "max_features": "sqrt",
            "min_samples_leaf": 1,
            "n_estimators": 150,
            "min_samples_split": 3
        },
        "done_at": 1718716769999,
        "split_id": 3
    },
    {
        "test_score_gib": 0.7803662261307895,
        "train_score": 0.8295758383820422,
        "test_score": 0.7803662261307895,
        "num_samples": 11887,
        "fit_time": 17905,
        "score_time": 1630,
        "time": 19535,
        "parameters": {
            "max_depth": 14,
            "max_features": "sqrt",
            "min_samples_leaf": 1,
            "n_estimators": 150,
            "min_samples_split": 3
        },
        "done_at": 1718716783350,
        "split_id": 4
    },
    {
        "test_score_gib": 0.7166302419138961,
        "train_score": 0.7459335063906167,
        "test_score": 0.7166302419138961,
        "num_samples": 11887,
        "fit_time": 8585,
        "score_time": 1724,
        "time": 10309,
        "parameters": {
            "max_depth": 5,
            "max_features": "sqrt",
            "min_samples_leaf": 1,
            "n_estimators": 150,
            "min_samples_split": 3
        },
        "done_at": 1718716774431,
        "split_id": 0
    },
    {
        "test_score_gib": 0.7345471180381009,
        "train_score": 0.7462834125878197,
        "test_score": 0.7345471180381009,
        "num_samples": 11887,
        "fit_time": 8606,
        "score_time": 1831,
        "time": 10437,
        "parameters": {
            "max_depth": 5,
            "max_features": "sqrt",
            "min_samples_leaf": 1,
            "n_estimators": 150,
            "min_samples_split": 3
        },
        "done_at": 1718716776812,
        "split_id": 1
    },
    {
        "test_score_gib": 0.7379795708501855,
        "train_score": 0.743738969797669,
        "test_score": 0.7379795708501855,
        "num_samples": 11887,
        "fit_time": 8208,
        "score_time": 1684,
        "time": 9892,
        "parameters": {
            "max_depth": 5,
            "max_features": "sqrt",
            "min_samples_leaf": 1,
            "n_estimators": 150,
            "min_samples_split": 3
        },
        "done_at": 1718716779913,
        "split_id": 2
    },
    {
        "test_score_gib": 0.7244616506714114,
        "train_score": 0.7409161368046635,
        "test_score": 0.7244616506714114,
        "num_samples": 11887,
        "fit_time": 7580,
        "score_time": 1148,
        "time": 8728,
        "parameters": {
            "max_depth": 5,
            "max_features": "sqrt",
            "min_samples_leaf": 1,
            "n_estimators": 150,
            "min_samples_split": 3
        },
        "done_at": 1718716783179,
        "split_id": 3
    },
    {
        "test_score_gib": 0.7416549811422207,
        "train_score": 0.7425409134234644,
        "test_score": 0.7416549811422207,
        "num_samples": 11887,
        "fit_time": 6367,
        "score_time": 740,
        "time": 7107,
        "parameters": {
            "max_depth": 5,
            "max_features": "sqrt",
            "min_samples_leaf": 1,
            "n_estimators": 150,
            "min_samples_split": 3
        },
        "done_at": 1718716783936,
        "split_id": 4
    }
]