{
    "startedAt": 1718716671781,
    "gridSize": 9,
    "nThreads": 4,
    "nSplits": 5,
    "metric": "ROC_AUC",
    "timeout": null,
    "gridPoints": [
        {
            "finishedAt": 1718716689016,
            "score": 0.7368477929734786,
            "testScoreGibMean": 0.7368477929734786,
            "testScoreMean": 0.7368477929734786,
            "testScoreStd": 0.00951725208370053,
            "trainScoreMean": 0.7523454333668977,
            "trainScoreStd": 0.0013111147997498006,
            "time": 44441,
            "fitTimeMean": 7360.6,
            "fitTimeStd": 242.37293578285508,
            "scoreTimeMean": 1527.6,
            "scoreTimeStd": 79.06857782962838,
            "parameters": {
                "max_depth": 6,
                "max_features": "sqrt",
                "min_samples_leaf": 1,
                "n_estimators": 100,
                "min_samples_split": 3
            }
        },
        {
            "finishedAt": 1718716706640,
            "score": 0.7266230311304351,
            "testScoreGibMean": 0.7266230311304351,
            "testScoreMean": 0.7266230311304351,
            "testScoreStd": 0.008971476282110926,
            "trainScoreMean": 0.7390408685805441,
            "trainScoreStd": 0.002659037047107656,
            "time": 20325,
            "fitTimeMean": 3153.6,
            "fitTimeStd": 295.4756165912849,
            "scoreTimeMean": 911.4,
            "scoreTimeStd": 128.82018475378771,
            "parameters": {
                "max_depth": 5,
                "max_features": "sqrt",
                "min_samples_leaf": 1,
                "n_estimators": 50,
                "min_samples_split": 3
            }
        },
        {
            "finishedAt": 1718716710043,
            "score": 0.7657926973116662,
            "testScoreGibMean": 0.7657926973116662,
            "testScoreMean": 0.7657926973116662,
            "testScoreStd": 0.009771567167954638,
            "trainScoreMean": 0.8289130450326683,
            "trainScoreStd": 0.0013963019920401755,
            "time": 75271,
            "fitTimeMean": 13143.0,
            "fitTimeStd": 980.5471941727232,
            "scoreTimeMean": 1911.2,
            "scoreTimeStd": 136.22540144921578,
            "parameters": {
                "max_depth": 14,
                "max_features": "sqrt",
                "min_samples_leaf": 1,
                "n_estimators": 100,
                "min_samples_split": 3
            }
        },
        {
            "finishedAt": 1718716727248,
            "score": 0.7342044924685401,
            "testScoreGibMean": 0.7342044924685401,
            "testScoreMean": 0.7342044924685401,
            "testScoreStd": 0.010296595227461692,
            "trainScoreMean": 0.7493554444073891,
            "trainScoreStd": 0.0037661830776066375,
            "time": 22316,
            "fitTimeMean": 3588.2,
            "fitTimeStd": 154.50229771754204,
            "scoreTimeMean": 875.0,
            "scoreTimeStd": 64.18411018312867,
            "parameters": {
                "max_depth": 6,
                "max_features": "sqrt",
                "min_samples_leaf": 1,
                "n_estimators": 50,
                "min_samples_split": 3
            }
        },
        {
            "finishedAt": 1718716728258,
            "score": 0.736500943679349,
            "testScoreGibMean": 0.736500943679349,
            "testScoreMean": 0.736500943679349,
            "testScoreStd": 0.008693140397155975,
            "trainScoreMean": 0.7526401164104561,
            "trainScoreStd": 0.0015156698260662012,
            "time": 58386,
            "fitTimeMean": 9623.2,
            "fitTimeStd": 459.23127071226327,
            "scoreTimeMean": 2054.0,
            "scoreTimeStd": 136.41554163657455,
            "parameters": {
                "max_depth": 6,
                "max_features": "sqrt",
                "min_samples_leaf": 1,
                "n_estimators": 150,
                "min_samples_split": 3
            }
        },
        {
            "finishedAt": 1718716739004,
            "score": 0.7306299955869292,
            "testScoreGibMean": 0.7306299955869292,
            "testScoreMean": 0.7306299955869292,
            "testScoreStd": 0.009724840543628419,
            "trainScoreMean": 0.743472675769281,
            "trainScoreStd": 0.0020689737735490672,
            "time": 33650,
            "fitTimeMean": 5416.6,
            "fitTimeStd": 339.1310071344111,
            "scoreTimeMean": 1313.4,
            "scoreTimeStd": 44.057235501106966,
            "parameters": {
                "max_depth": 5,
                "max_features": "sqrt",
                "min_samples_leaf": 1,
                "n_estimators": 100,
                "min_samples_split": 3
            }
        },
        {
            "finishedAt": 1718716748133,
            "score": 0.763569057533194,
            "testScoreGibMean": 0.763569057533194,
            "testScoreMean": 0.763569057533194,
            "testScoreStd": 0.008826734800185736,
            "trainScoreMean": 0.8265310419751976,
            "trainScoreStd": 0.0014045496194502495,
            "time": 36325,
            "fitTimeMean": 6183.6,
            "fitTimeStd": 119.36599180671185,
            "scoreTimeMean": 1081.4,
            "scoreTimeStd": 53.74234829257092,
            "parameters": {
                "max_depth": 14,
                "max_features": "sqrt",
                "min_samples_leaf": 1,
                "n_estimators": 50,
                "min_samples_split": 3
            }
        },
        {
            "finishedAt": 1718716783350,
            "score": 0.7663062193702327,
            "testScoreGibMean": 0.7663062193702327,
            "testScoreMean": 0.7663062193702327,
            "testScoreStd": 0.009552164556520198,
            "trainScoreMean": 0.8301388137256487,
            "trainScoreStd": 0.000936597828661818,
            "time": 105141,
            "fitTimeMean": 18763.6,
            "fitTimeStd": 1054.4778044131606,
            "scoreTimeMean": 2264.6,
            "scoreTimeStd": 379.56111497359683,
            "parameters": {
                "max_depth": 14,
                "max_features": "sqrt",
                "min_samples_leaf": 1,
                "n_estimators": 150,
                "min_samples_split": 3
            }
        },
        {
            "finishedAt": 1718716783936,
            "score": 0.731054712523163,
            "testScoreGibMean": 0.731054712523163,
            "testScoreMean": 0.731054712523163,
            "testScoreStd": 0.009209235265372553,
            "trainScoreMean": 0.7438825878008466,
            "trainScoreStd": 0.002029323754265225,
            "time": 46473,
            "fitTimeMean": 7869.2,
            "fitTimeStd": 837.8867226540829,
            "scoreTimeMean": 1425.4,
            "scoreTimeStd": 416.4783787905442,
            "parameters": {
                "max_depth": 5,
                "max_features": "sqrt",
                "min_samples_leaf": 1,
                "n_estimators": 150,
                "min_samples_split": 3
            }
        }
    ]
}