{
    "modelInputNRows": 59435,
    "modelInputNCols": 244,
    "modelInputIsSparse": false,
    "modelInputMemory": 116017120,
    "usedGridSearch": true,
    "gridSize": 9,
    "gridBestScore": 0.7663062193702327,
    "gridCells": [
        {
            "params": {
                "max_depth": 6,
                "max_features": "sqrt",
                "min_samples_leaf": 1,
                "n_estimators": 100,
                "min_samples_split": 3
            },
            "score": 0.7368477929734786,
            "scoreStd": 0.00951725208370053,
            "fitTime": 7.360600000000001,
            "fitTimeStd": 0.24237293578285507,
            "scoreTime": 1.5275999999999998,
            "scoreTimeStd": 0.07906857782962838
        },
        {
            "params": {
                "max_depth": 14,
                "max_features": "sqrt",
                "min_samples_leaf": 1,
                "n_estimators": 100,
                "min_samples_split": 3
            },
            "score": 0.7657926973116662,
            "scoreStd": 0.009771567167954638,
            "fitTime": 13.143,
            "fitTimeStd": 0.9805471941727232,
            "scoreTime": 1.9112,
            "scoreTimeStd": 0.13622540144921577
        },
        {
            "params": {
                "max_depth": 5,
                "max_features": "sqrt",
                "min_samples_leaf": 1,
                "n_estimators": 50,
                "min_samples_split": 3
            },
            "score": 0.7266230311304351,
            "scoreStd": 0.008971476282110926,
            "fitTime": 3.1536,
            "fitTimeStd": 0.2954756165912849,
            "scoreTime": 0.9114,
            "scoreTimeStd": 0.1288201847537877
        },
        {
            "params": {
                "max_depth": 6,
                "max_features": "sqrt",
                "min_samples_leaf": 1,
                "n_estimators": 150,
                "min_samples_split": 3
            },
            "score": 0.736500943679349,
            "scoreStd": 0.008693140397155975,
            "fitTime": 9.6232,
            "fitTimeStd": 0.4592312707122633,
            "scoreTime": 2.054,
            "scoreTimeStd": 0.13641554163657454
        },
        {
            "params": {
                "max_depth": 6,
                "max_features": "sqrt",
                "min_samples_leaf": 1,
                "n_estimators": 50,
                "min_samples_split": 3
            },
            "score": 0.7342044924685401,
            "scoreStd": 0.010296595227461692,
            "fitTime": 3.5881999999999996,
            "fitTimeStd": 0.15450229771754204,
            "scoreTime": 0.875,
            "scoreTimeStd": 0.06418411018312867
        },
        {
            "params": {
                "max_depth": 5,
                "max_features": "sqrt",
                "min_samples_leaf": 1,
                "n_estimators": 100,
                "min_samples_split": 3
            },
            "score": 0.7306299955869292,
            "scoreStd": 0.009724840543628419,
            "fitTime": 5.416600000000001,
            "fitTimeStd": 0.33913100713441113,
            "scoreTime": 1.3134000000000001,
            "scoreTimeStd": 0.04405723550110697
        },
        {
            "params": {
                "max_depth": 14,
                "max_features": "sqrt",
                "min_samples_leaf": 1,
                "n_estimators": 50,
                "min_samples_split": 3
            },
            "score": 0.763569057533194,
            "scoreStd": 0.008826734800185736,
            "fitTime": 6.1836,
            "fitTimeStd": 0.11936599180671184,
            "scoreTime": 1.0814000000000001,
            "scoreTimeStd": 0.053742348292570914
        },
        {
            "params": {
                "max_depth": 14,
                "max_features": "sqrt",
                "min_samples_leaf": 1,
                "n_estimators": 150,
                "min_samples_split": 3
            },
            "score": 0.7663062193702327,
            "scoreStd": 0.009552164556520198,
            "fitTime": 18.7636,
            "fitTimeStd": 1.0544778044131606,
            "scoreTime": 2.2645999999999997,
            "scoreTimeStd": 0.37956111497359685
        },
        {
            "params": {
                "max_depth": 5,
                "max_features": "sqrt",
                "min_samples_leaf": 1,
                "n_estimators": 150,
                "min_samples_split": 3
            },
            "score": 0.731054712523163,
            "scoreStd": 0.009209235265372553,
            "fitTime": 7.8692,
            "fitTimeStd": 0.8378867226540828,
            "scoreTime": 1.4254,
            "scoreTimeStd": 0.41647837879054417
        }
    ],
    "rawImportance": {
        "variables": [
            "Weight",
            "Height",
            "Age",
            "IMC",
            "dummy:NOC:USA",
            "dummy:NOC:GBR",
            "dummy:NOC:FRA",
            "dummy:NOC:JPN",
            "dummy:NOC:AUS",
            "dummy:NOC:CAN",
            "dummy:NOC:ITA",
            "dummy:NOC:GER",
            "dummy:NOC:HUN",
            "dummy:NOC:POL",
            "dummy:NOC:CHN",
            "dummy:NOC:URS",
            "dummy:NOC:RUS",
            "dummy:NOC:ESP",
            "dummy:NOC:ROU",
            "dummy:NOC:BUL",
            "dummy:NOC:KOR",
            "dummy:NOC:SWE",
            "dummy:NOC:FIN",
            "dummy:NOC:SUI",
            "dummy:NOC:FRG",
            "dummy:NOC:BRA",
            "dummy:NOC:UKR",
            "dummy:NOC:MEX",
            "dummy:NOC:GDR",
            "dummy:NOC:CUB",
            "dummy:NOC:NED",
            "dummy:NOC:TCH",
            "dummy:NOC:BEL",
            "dummy:NOC:GRE",
            "dummy:NOC:AUT",
            "dummy:NOC:BLR",
            "dummy:NOC:ARG",
            "dummy:NOC:NZL",
            "dummy:NOC:POR",
            "dummy:NOC:TUR",
            "dummy:NOC:DEN",
            "dummy:NOC:TPE",
            "dummy:NOC:CZE",
            "dummy:NOC:NOR",
            "dummy:NOC:COL",
            "dummy:NOC:IRL",
            "dummy:NOC:KAZ",
            "dummy:NOC:YUG",
            "dummy:NOC:RSA",
            "dummy:NOC:VEN",
            "dummy:NOC:JAM",
            "dummy:NOC:EGY",
            "dummy:NOC:IRI",
            "dummy:NOC:KEN",
            "dummy:NOC:THA",
            "dummy:NOC:PRK",
            "dummy:NOC:IND",
            "dummy:NOC:MGL",
            "dummy:NOC:PUR",
            "dummy:NOC:NGR",
            "dummy:NOC:ISR",
            "dummy:NOC:PHI",
            "dummy:NOC:HKG",
            "dummy:NOC:UZB",
            "dummy:NOC:ALG",
            "dummy:NOC:MAR",
            "dummy:NOC:SVK",
            "dummy:NOC:LTU",
            "dummy:NOC:SLO",
            "dummy:NOC:LAT",
            "dummy:NOC:CRO",
            "dummy:NOC:LUX",
            "dummy:NOC:ETH",
            "dummy:NOC:TUN",
            "dummy:NOC:MAS",
            "dummy:NOC:CHI",
            "dummy:NOC:EUN",
            "dummy:NOC:EST",
            "dummy:NOC:ECU",
            "dummy:NOC:GEO",
            "dummy:NOC:AZE",
            "dummy:NOC:PER",
            "dummy:NOC:GUA",
            "dummy:NOC:BAH",
            "dummy:NOC:TTO",
            "dummy:NOC:INA",
            "dummy:NOC:ISL",
            "dummy:NOC:ZIM",
            "dummy:NOC:SGP",
            "dummy:NOC:SEN",
            "dummy:NOC:UGA",
            "dummy:NOC:URU",
            "dummy:NOC:KGZ",
            "dummy:NOC:ARM",
            "dummy:NOC:MDA",
            "dummy:NOC:BAR",
            "dummy:NOC:SRB",
            "dummy:NOC:LIB",
            "dummy:NOC:PAK",
            "dummy:NOC:KUW",
            "dummy:NOC:CMR",
            "dummy:NOC:ESA",
            "dummy:NOC:DOM",
            "dummy:NOC:ISV",
            "dummy:NOC:GHA",
            "dummy:NOC:__Others__",
            "dummy:Sex:M",
            "dummy:Sex:F",
            "dummy:City_in_Country:False",
            "dummy:City_in_Country:True",
            "dummy:Sport:Athletics",
            "dummy:Sport:Gymnastics",
            "dummy:Sport:Swimming",
            "dummy:Sport:Cycling",
            "dummy:Sport:Wrestling",
            "dummy:Sport:Shooting",
            "dummy:Sport:Boxing",
            "dummy:Sport:Judo",
            "dummy:Sport:Fencing",
            "dummy:Sport:Weightlifting",
            "dummy:Sport:Canoeing",
            "dummy:Sport:Diving",
            "dummy:Sport:Archery",
            "dummy:Sport:Tennis",
            "dummy:Sport:Table Tennis",
            "dummy:Sport:Sailing",
            "dummy:Sport:Modern Pentathlon",
            "dummy:Sport:Taekwondo",
            "dummy:Sport:Badminton",
            "dummy:Sport:Triathlon",
            "dummy:Sport:Rowing",
            "dummy:Sport:Rhythmic Gymnastics",
            "dummy:Sport:Trampolining",
            "dummy:Sport:Golf",
            "dummy:Event:Floor Exercise",
            "dummy:Event:Individual",
            "dummy:Event:Individual All-Around",
            "dummy:Event:Road Race, Individual",
            "dummy:Event:Singles",
            "dummy:Event:Horse Vault",
            "dummy:Event:Marathon",
            "dummy:Event:100 metres",
            "dummy:Event:200 metres",
            "dummy:Event:100 metres Freestyle",
            "dummy:Event:400 metres",
            "dummy:Event:Lightweight",
            "dummy:Event:Balance Beam",
            "dummy:Event:800 metres",
            "dummy:Event:Parallel Bars",
            "dummy:Event:Pommelled Horse",
            "dummy:Event:Horizontal Bar",
            "dummy:Event:Rings",
            "dummy:Event:Foil, Individual",
            "dummy:Event:Uneven Bars",
            "dummy:Event:Middleweight",
            "dummy:Event:1,500 metres",
            "dummy:Event:100 metres Butterfly",
            "dummy:Event:100 metres Backstroke",
            "dummy:Event:Long Jump",
            "dummy:Event:Heavyweight",
            "dummy:Event:200 metres Freestyle",
            "dummy:Event:100 metres Breaststroke",
            "dummy:Event:400 metres Freestyle",
            "dummy:Event:High Jump",
            "dummy:Event:epee, Individual",
            "dummy:Event:50 metres Freestyle",
            "dummy:Event:200 metres Breaststroke",
            "dummy:Event:20 kilometres Walk",
            "dummy:Event:5,000 metres",
            "dummy:Event:Discus Throw",
            "dummy:Event:10,000 metres",
            "dummy:Event:Javelin Throw",
            "dummy:Event:400 metres Hurdles",
            "dummy:Event:200 metres Individual Medley",
            "dummy:Event:Featherweight",
            "dummy:Event:Air Rifle, 10 metres",
            "dummy:Event:200 metres Backstroke",
            "dummy:Event:Springboard",
            "dummy:Event:Shot Put",
            "dummy:Event:200 metres Butterfly",
            "dummy:Event:Platform",
            "dummy:Event:Triple Jump",
            "dummy:Event:Sabre, Individual",
            "dummy:Event:Flyweight",
            "dummy:Event:400 metres Individual Medley",
            "dummy:Event:Bantamweight",
            "dummy:Event:3,000 metres Steeplechase",
            "dummy:Event:Light-Heavyweight",
            "dummy:Event:Hammer Throw",
            "dummy:Event:50 kilometres Walk",
            "dummy:Event:Air Pistol, 10 metres",
            "dummy:Event:Small-Bore Rifle, Prone, 50 metres",
            "dummy:Event:Pole Vault",
            "dummy:Event:110 metres Hurdles",
            "dummy:Event:Welterweight",
            "dummy:Event:Decathlon",
            "dummy:Event:Olympic Distance",
            "dummy:Event:Single Sculls",
            "dummy:Event:Sprint",
            "dummy:Event:Free Pistol, 50 metres",
            "dummy:Event:Half-Middleweight",
            "dummy:Event:Mountainbike, Cross-Country",
            "dummy:Event:Windsurfer",
            "dummy:Event:Trap",
            "dummy:Event:1,500 metres Freestyle",
            "dummy:Event:Kayak Singles, 500 metres",
            "dummy:Event:Extra-Lightweight",
            "dummy:Event:Half-Heavyweight",
            "dummy:Event:Light-Welterweight",
            "dummy:Event:Half-Lightweight",
            "dummy:Event:One Person Dinghy",
            "dummy:Event:Kayak Singles, Slalom",
            "dummy:Event:100 metres Hurdles",
            "dummy:Event:Middleweight, Freestyle",
            "dummy:Event:Lightweight, Freestyle",
            "dummy:Event:Super-Heavyweight",
            "dummy:Event:Rapid-Fire Pistol, 25 metres",
            "dummy:Event:Individual Time Trial",
            "dummy:Event:Skeet",
            "dummy:Event:Kayak Singles, 1,000 metres",
            "dummy:Event:Light-Flyweight",
            "dummy:Event:Sporting Pistol, 25 metres",
            "dummy:Event:800 metres Freestyle",
            "dummy:Event:Featherweight, Freestyle",
            "dummy:Event:Featherweight, Greco-Roman",
            "dummy:Event:Welterweight, Freestyle",
            "dummy:Event:Light-Heavyweight, Freestyle",
            "dummy:Event:Light-Middleweight",
            "dummy:Event:Welterweight, Greco-Roman",
            "dummy:Event:Heavyweight, Freestyle",
            "dummy:Event:1,000 metres Time Trial",
            "dummy:Event:Heptathlon",
            "dummy:Event:Lightweight, Greco-Roman",
            "dummy:Event:Middleweight, Greco-Roman",
            "dummy:Event:Light-Heavyweight, Greco-Roman",
            "dummy:Event:__Others__"
        ],
        "importances": [
            0.05813401648896066,
            0.05041422333334612,
            0.05746481174023689,
            0.06456283058214586,
            0.09395569650624655,
            0.002104265960425272,
            0.002482967040129469,
            0.008913845808698997,
            0.004969786014287099,
            0.0037641717130835364,
            0.0025991383443265312,
            0.0017772981197684782,
            0.002322070490813215,
            0.0020357749079228282,
            0.02129832116803811,
            0.07265375140561196,
            0.01753963226351155,
            0.0037509941187402434,
            0.00456193310237679,
            0.0025228069616648006,
            0.001988945088011957,
            0.0009670148921179898,
            0.0015101838727519528,
            0.00432294133693463,
            0.0013766815674478682,
            0.0018917695120764866,
            0.00113944571478923,
            0.002525304999075987,
            0.021018496876078024,
            0.005950602002092977,
            0.0007054407033047354,
            0.0010302196842835554,
            0.000736883614278894,
            0.0013802537127489474,
            0.003158535310245935,
            0.0007007202598597533,
            0.0020715139899540602,
            0.0005261145107527963,
            0.0016815266812633316,
            0.0005367210086809355,
            0.000661338956206917,
            0.0018538237371453167,
            0.00030655444122203564,
            0.0006247086622988427,
            0.0006341226290158591,
            0.0013548561158110758,
            0.0009197860648335495,
            0.0005097002730935692,
            0.0002872407454291677,
            0.0010788238294772035,
            0.0010034009259898098,
            0.0012279296031066755,
            0.0005524305133529321,
            0.004574750000344956,
            0.00030351216898724106,
            0.0007290627089873388,
            0.0011307489118721613,
            0.0006666249624328106,
            0.0007533203380820192,
            0.0007236757946440683,
            0.00026211123954598617,
            0.0007248493352334955,
            0.000929657652822022,
            0.00040259076177625225,
            0.0004504669329804315,
            0.00047163426810489665,
            0.0003182845244697113,
            0.00035710404206824235,
            0.00021341745294400994,
            0.00048225304717037923,
            0.000370532822493997,
            0.0002919521850537983,
            0.002121422930872019,
            0.00038324561851440174,
            0.0002442982319402995,
            0.00028931488353525233,
            0.0023304321935563132,
            0.0001911813851250038,
            0.00025502786366988746,
            0.000228039643241197,
            0.0003249556896190143,
            0.0004598271805840886,
            0.0002585913951327219,
            8.7081827662114e-05,
            0.0004001700975378339,
            0.00027375036441439467,
            0.00040847098086851957,
            0.00010437134804686771,
            8.830711328250476e-05,
            0.00042192484739439094,
            0.00018355640603800742,
            6.68192664549731e-05,
            0.00017853705034878795,
            0.00011487283480884677,
            0.0001275332655432841,
            4.361095002504669e-05,
            8.779242648385834e-05,
            7.94644582188629e-05,
            0.00019458992358894215,
            7.878855605873595e-05,
            0.0002797577473952393,
            2.6185408438582293e-05,
            0.00017728113274498848,
            5.423792540566965e-05,
            0.000130074323720642,
            0.07035443815796,
            0.007938511156352513,
            0.007458150585073172,
            0.0098565254969896,
            0.008579139482219032,
            0.009078676129893411,
            0.0713481368507559,
            0.007900757189095662,
            0.0027630761976068325,
            0.03087916420177903,
            0.0020056661871062816,
            0.019846477591839905,
            0.010896171187627824,
            0.0024415048352587634,
            0.011316219999464194,
            0.004288298538304245,
            0.001980511649879197,
            0.0015684008901360167,
            0.0013163281034254573,
            0.0016594571738436422,
            0.00047135114269841803,
            0.0005328148736852634,
            0.0060965926561482465,
            0.00033633797971999575,
            0.0004711141492952069,
            0.0002886249666473795,
            0.0003709405489307286,
            0.00032598486307690267,
            2.9979073732494325e-05,
            0.007569424682533485,
            0.0015335233785085754,
            0.006596616911211033,
            0.012318887043876757,
            0.002977198986880184,
            0.0043238775699062865,
            0.0057539964726435605,
            0.0038014363099731423,
            0.0017316818115539877,
            0.001388096296089717,
            0.0005379323664382457,
            0.0015950142206686251,
            0.001833212616935751,
            0.0006102708279774058,
            0.00415683234075021,
            0.0021177063125141886,
            0.0016836237462813108,
            0.002646960410130312,
            0.001266365807491251,
            0.0018059318496368023,
            0.0024845750193492225,
            0.0006895251556494486,
            0.0008805664607689131,
            0.0006692378845665864,
            0.0005664540786676088,
            0.005581345150821252,
            0.0006958780685469119,
            0.0005277557677422776,
            0.0007121560074346352,
            0.0005070706982316993,
            0.0010072174485051932,
            0.0013721590501394095,
            0.0008012399592127263,
            0.0008125556567522661,
            0.0008735347781302516,
            0.0007044106989307918,
            0.0006878313523577921,
            0.0010001223637839665,
            0.000502025375588225,
            0.0003227714596773766,
            0.0033400870100799714,
            0.001242026708065324,
            0.0006176789199886474,
            0.0005703574941632847,
            0.0004259665504459321,
            0.00047024299897926596,
            0.0008506201619870757,
            0.00044513318798083593,
            0.0004427723217737538,
            0.0021637643487934467,
            0.0006415077719688544,
            0.001254622941784353,
            0.0007019370733321233,
            0.00162034111231805,
            0.0006739153805179019,
            0.0004485192111988647,
            0.0007789273413290602,
            0.0006411866851676605,
            0.00041466056380242756,
            0.0008038337190821553,
            0.0011240757071496767,
            0.00034283268487090803,
            0.0005329419376523868,
            0.0001988552316959868,
            0.00025587657314150587,
            0.00035372814282847126,
            0.00040125871900080945,
            0.0004753475389229252,
            0.00010579328942337548,
            0.0003336832115440766,
            0.0004183049973497986,
            0.0005656300372597323,
            0.0008635543644992593,
            0.00045360532491798937,
            0.0003633407929148278,
            0.00022987032750321456,
            0.0003290190356416755,
            0.0004992040167707326,
            0.0002003511976500265,
            0.00022432656952605143,
            0.00036130236511404157,
            0.0010140718532901352,
            0.0002529205435714908,
            0.00034792361229597134,
            0.0004007680764899,
            0.00028329624004402924,
            0.0009923345734948266,
            0.00021827142962609961,
            0.000350449205192033,
            0.00020900233598162657,
            0.00036596932013437274,
            0.0003105303615490038,
            0.0006595724979067074,
            0.00032296635740918585,
            0.0005115927786831781,
            0.0004989748425626207,
            0.00018352878765673814,
            0.0003193835938954347,
            0.0002704816605300145,
            0.00035860118290100446,
            0.000263025896661567,
            0.015726524702231785
        ]
    },
    "probaAware": true
}