{
  "state": "DONE",
  "preSearchDescription": {
    "gridLength": 9,
    "searchStrategy": "GRID",
    "importantParams": [
      {
        "name": "trees",
        "vals": [
          "100",
          "50",
          "150"
        ]
      },
      {
        "name": "depth",
        "vals": [
          "6",
          "14",
          "5"
        ]
      },
      {
        "name": "min_samples",
        "vals": [
          "1"
        ]
      }
    ]
  },
  "postSearchDescription": {
    "importantParams": [
      {
        "name": "trees",
        "val": "150"
      },
      {
        "name": "depth",
        "val": "14"
      },
      {
        "name": "min_samples",
        "val": "1"
      }
    ]
  },
  "resumed": false,
  "timeOrderingEnabled": false,
  "sampleWeightsEnabled": false,
  "modelId": "m1",
  "progress": {
    "top_level_todo": [],
    "stack": [],
    "top_level_done": [
      {
        "name": "Loading train set",
        "time": 180
      },
      {
        "name": "Loading test set",
        "time": 58
      },
      {
        "name": "Collecting statistics",
        "time": 66
      },
      {
        "name": "Preprocessing train set",
        "time": 196
      },
      {
        "name": "Preprocessing test set",
        "time": 68
      },
      {
        "name": "Hyperparameter searching",
        "time": 112787
      },
      {
        "name": "Fitting model",
        "time": 8319
      },
      {
        "name": "Saving model",
        "time": 1716
      },
      {
        "name": "Scoring model",
        "time": 2361
      },
      {
        "name": "Preparing explainability",
        "time": 7268
      }
    ]
  },
  "startTime": 1718716671097,
  "endTime": 1718716804134,
  "preprocessingTime": 571,
  "trainingTime": 132466,
  "hyperparamsSearchTime": 112787,
  "pythonVersion": "3.7.13"
}