{
  "starred": false,
  "clusterMetas": {},
  "customMeta": {
    "kv": {}
  },
  "tags": [],
  "activeClassifierThreshold": 0.55,
  "description": "",
  "name": "Random forest (s2)",
  "labels": [
    {
      "key": "trainDataset:dataset-name",
      "value": "athlete_events_clean_ml_train"
    },
    {
      "key": "testDataset:dataset-name",
      "value": "athlete_events_clean_ml_train"
    },
    {
      "key": "evaluationDataset:dataset-name",
      "value": "athlete_events_clean_ml_train"
    },
    {
      "key": "model:algorithm",
      "value": "RANDOM_FOREST_CLASSIFICATION"
    },
    {
      "key": "model:name",
      "value": "Random forest (s2)"
    },
    {
      "key": "model:date",
      "value": "2024-06-18T15:20:04.134+0200"
    },
    {
      "key": "evaluation:date",
      "value": "2024-06-18T15:20:04.134+0200"
    }
  ]
}