{
    "details": {
        "NOC": {
            "levels": [
                "USA",
                "GBR",
                "FRA",
                "JPN",
                "AUS",
                "CAN",
                "ITA",
                "GER",
                "HUN",
                "POL",
                "CHN",
                "URS",
                "RUS",
                "ESP",
                "ROU",
                "BUL",
                "KOR",
                "SWE",
                "FIN",
                "SUI",
                "FRG",
                "BRA",
                "UKR",
                "MEX",
                "GDR",
                "CUB",
                "NED",
                "TCH",
                "BEL",
                "GRE",
                "AUT",
                "BLR",
                "ARG",
                "NZL",
                "POR",
                "TUR",
                "DEN",
                "TPE",
                "CZE",
                "NOR",
                "COL",
                "IRL",
                "KAZ",
                "YUG",
                "RSA",
                "VEN",
                "JAM",
                "EGY",
                "IRI",
                "KEN",
                "THA",
                "PRK",
                "IND",
                "MGL",
                "PUR",
                "NGR",
                "ISR",
                "PHI",
                "HKG",
                "UZB",
                "ALG",
                "MAR",
                "SVK",
                "LTU",
                "SLO",
                "LAT",
                "CRO",
                "LUX",
                "ETH",
                "TUN",
                "MAS",
                "CHI",
                "EUN",
                "EST",
                "ECU",
                "GEO",
                "AZE",
                "PER",
                "GUA",
                "BAH",
                "TTO",
                "INA",
                "ISL",
                "ZIM",
                "SGP",
                "SEN",
                "UGA",
                "URU",
                "KGZ",
                "ARM",
                "MDA",
                "BAR",
                "SRB",
                "LIB",
                "PAK",
                "KUW",
                "CMR",
                "ESA",
                "DOM",
                "ISV",
                "GHA"
            ],
            "with_others": false
        },
        "Sex": {
            "levels": [
                "M"
            ],
            "with_others": false
        },
        "City": {
            "levels": [
                "Rio de Janeiro",
                "Beijing",
                "Athina",
                "Sydney",
                "London",
                "Atlanta",
                "Seoul",
                "Barcelona",
                "Munich",
                "Los Angeles",
                "Mexico City",
                "Tokyo",
                "Roma",
                "Montreal",
                "Moskva",
                "Melbourne"
            ],
            "with_others": false
        },
        "City_in_Country": {
            "levels": [
                "False"
            ],
            "with_others": false
        },
        "Sport": {
            "levels": [
                "Athletics",
                "Gymnastics",
                "Swimming",
                "Cycling",
                "Wrestling",
                "Shooting",
                "Boxing",
                "Judo",
                "Fencing",
                "Weightlifting",
                "Canoeing",
                "Diving",
                "Archery",
                "Tennis",
                "Table Tennis",
                "Sailing",
                "Modern Pentathlon",
                "Taekwondo",
                "Badminton",
                "Triathlon",
                "Rowing",
                "Rhythmic Gymnastics",
                "Trampolining"
            ],
            "with_others": false
        },
        "Event": {
            "levels": [
                "Floor Exercise",
                "Individual",
                "Individual All-Around",
                "Road Race, Individual",
                "Singles",
                "Horse Vault",
                "Marathon",
                "100 metres",
                "200 metres",
                "100 metres Freestyle",
                "400 metres",
                "Lightweight",
                "Balance Beam",
                "800 metres",
                "Parallel Bars",
                "Pommelled Horse",
                "Horizontal Bar",
                "Rings",
                "Foil, Individual",
                "Uneven Bars",
                "Middleweight",
                "1,500 metres",
                "100 metres Butterfly",
                "100 metres Backstroke",
                "Long Jump",
                "Heavyweight",
                "200 metres Freestyle",
                "100 metres Breaststroke",
                "400 metres Freestyle",
                "High Jump",
                "epee, Individual",
                "50 metres Freestyle",
                "200 metres Breaststroke",
                "20 kilometres Walk",
                "5,000 metres",
                "Discus Throw",
                "10,000 metres",
                "Javelin Throw",
                "400 metres Hurdles",
                "200 metres Individual Medley",
                "Featherweight",
                "Air Rifle, 10 metres",
                "200 metres Backstroke",
                "Springboard",
                "Shot Put",
                "200 metres Butterfly",
                "Platform",
                "Triple Jump",
                "Sabre, Individual",
                "Flyweight",
                "400 metres Individual Medley",
                "Bantamweight",
                "3,000 metres Steeplechase",
                "Light-Heavyweight",
                "Hammer Throw",
                "50 kilometres Walk",
                "Air Pistol, 10 metres",
                "Small-Bore Rifle, Prone, 50 metres",
                "Pole Vault",
                "110 metres Hurdles",
                "Welterweight",
                "Decathlon",
                "Olympic Distance",
                "Single Sculls",
                "Sprint",
                "Free Pistol, 50 metres",
                "Half-Middleweight",
                "Mountainbike, Cross-Country",
                "Windsurfer",
                "Trap",
                "1,500 metres Freestyle",
                "Kayak Singles, 500 metres",
                "Extra-Lightweight",
                "Half-Heavyweight",
                "Light-Welterweight",
                "Half-Lightweight",
                "One Person Dinghy",
                "Kayak Singles, Slalom",
                "100 metres Hurdles",
                "Middleweight, Freestyle",
                "Lightweight, Freestyle",
                "Super-Heavyweight",
                "Rapid-Fire Pistol, 25 metres",
                "Individual Time Trial",
                "Skeet",
                "Kayak Singles, 1,000 metres",
                "Light-Flyweight",
                "Sporting Pistol, 25 metres",
                "800 metres Freestyle",
                "Featherweight, Freestyle",
                "Featherweight, Greco-Roman",
                "Welterweight, Freestyle",
                "Light-Heavyweight, Freestyle",
                "Light-Middleweight",
                "Welterweight, Greco-Roman",
                "Heavyweight, Freestyle",
                "1,000 metres Time Trial",
                "Heptathlon",
                "Lightweight, Greco-Roman",
                "Middleweight, Greco-Roman",
                "Light-Heavyweight, Greco-Roman"
            ],
            "with_others": false
        }
    }
}