{
  "params": {
    "ttPolicy": "SPLIT_SINGLE_DATASET",
    "ssdSplitMode": "RANDOM",
    "splitBeforePrepare": true,
    "ssdSelection": {
      "useMemTable": false,
      "filter": {
        "distinct": false,
        "enabled": false
      },
      "partitionSelectionMethod": "ALL",
      "latestPartitionsN": 1,
      "ordering": {
        "enabled": false,
        "rules": []
      },
      "samplingMethod": "HEAD_SEQUENTIAL",
      "maxRecords": 100000,
      "targetRatio": 0.02,
      "ascending": true,
      "withinFirstN": -1,
      "maxReadUncompressedBytes": -1,
      "seed": 1337
    },
    "ssdTrainingRatio": 0.8,
    "ssdStratified": false,
    "ssdGrouped": false,
    "ssdSeed": 1337,
    "testOnLargerValues": true,
    "streamAll": false,
    "kfold": false,
    "nFolds": 5,
    "instanceIdRefresher": 0,
    "subSamplingSeed": 1337
  },
  "generationDate": 1718714301385,
  "policyId": "type\u003dSPLIT_SINGLE_DATASET,split\u003dRANDOM,splitBeforePrepare\u003dtrue,ds\u003dathlete_events_clean_ml_train,sel\u003d(method\u003dhead-s,records\u003d100000),r\u003d0.8,s\u003d1337",
  "instanceId": "c8428e4cbb5e47f511d69994b1809fce-0",
  "format": "csv1",
  "schema": {
    "columns": [
      {"name":"ID","type":"bigint"},
      {"name":"Name","type":"string"},
      {"name":"Sex","type":"string"},
      {"name":"Age","type":"bigint"},
      {"name":"Height","type":"bigint"},
      {"name":"Weight","type":"double"},
      {"name":"IMC","type":"double"},
      {"name":"Team","type":"string"},
      {"name":"NOC","type":"string"},
      {"name":"Year","type":"bigint"},
      {"name":"Season","type":"string"},
      {"name":"City","type":"string"},
      {"name":"City_in_Country","type":"boolean"},
      {"name":"Sport","type":"string"},
      {"name":"Event","type":"string"},
      {"name":"Medal","type":"boolean"}
    ],
    "userModified": false
  },
  "trainPath": "train-c8428e4cbb5e47f511d69994b1809fce-0.csv.gz",
  "testPath": "test-c8428e4cbb5e47f511d69994b1809fce-0.csv.gz",
  "trainRows": 59435,
  "testRows": 15048,
  "fullRows": 0
}