{
    "resolved": {
        "algorithm": "LIGHTGBM_CLASSIFICATION",
        "skipExpensiveReports": false,
        "lightgbm": {
            "boosting_type": "gbdt",
            "num_leaves": 31,
            "max_depth": -1,
            "learning_rate": 0.2,
            "n_estimators": 47,
            "subsample_for_bin": 200000,
            "objective": null,
            "min_split_gain": 0.0,
            "min_child_weight": 0.001,
            "min_child_samples": 10,
            "subsample": 1.0,
            "subsample_freq": 0,
            "colsample_bytree": 0.7,
            "reg_alpha": 0.0,
            "reg_lambda": 0.0,
            "random_state": 1337,
            "n_jobs": 4,
            "importance_type": "gain",
            "early_stopping": false,
            "early_stopping_rounds": null
        }
    },
    "other": {}
}