{
    "perClassFacts": {
        "unique": {
            "NOC": {
                "impact": 0.6360294435744914,
                "rank": 1,
                "feature": "NOC",
                "positiveCategoricalValue": "USA",
                "negativeCategoricalValue": "BRA",
                "infoGain": 0.6143033815274399,
                "type": "CATEGORICAL"
            },
            "Sport": {
                "impact": 0.4637708664879394,
                "rank": 2,
                "feature": "Sport",
                "positiveCategoricalValue": "Wrestling",
                "negativeCategoricalValue": "Athletics",
                "infoGain": 0.6407703484949302,
                "type": "CATEGORICAL"
            },
            "Sex": {
                "impact": 0.09756706278102047,
                "rank": 5,
                "feature": "Sex",
                "positiveCategoricalValue": "F",
                "negativeCategoricalValue": "M",
                "infoGain": 0.5657118845614972,
                "type": "CATEGORICAL"
            }
        }
    }
}