{
    "startedAt": 1718712922079,
    "gridSize": 8,
    "nThreads": 4,
    "nSplits": 5,
    "metric": "ROC_AUC",
    "timeout": null,
    "gridPoints": [
        {
            "finishedAt": 1718712925403,
            "score": 0.8034626550813626,
            "testScoreGibMean": 0.8034626550813626,
            "testScoreMean": 0.8034626550813626,
            "testScoreStd": 0.0035521601460704847,
            "trainScoreMean": 0.8492378205775731,
            "trainScoreStd": 0.0006211515763500616,
            "time": 8458,
            "fitTimeMean": 1231.8,
            "fitTimeStd": 152.33568196584804,
            "scoreTimeMean": 459.8,
            "scoreTimeStd": 80.49198717884906,
            "parameters": {
                "boosting_type": "gbdt",
                "colsample_bytree": 0.7,
                "learning_rate": 0.1,
                "min_child_samples": 10,
                "min_child_weight": 0.001,
                "min_split_gain": 0.0,
                "n_estimators": 75,
                "num_leaves": 31,
                "reg_alpha": 0.0,
                "reg_lambda": 0.0
            }
        },
        {
            "finishedAt": 1718712961895,
            "score": 0.8043114687375992,
            "testScoreGibMean": 0.8043114687375992,
            "testScoreMean": 0.8043114687375992,
            "testScoreStd": 0.003918699458132822,
            "trainScoreMean": 0.8583591478796313,
            "trainScoreStd": 0.011841216487253852,
            "time": 42546,
            "fitTimeMean": 8114.8,
            "fitTimeStd": 14080.013045448502,
            "scoreTimeMean": 394.4,
            "scoreTimeStd": 99.29269862381625,
            "parameters": {
                "boosting_type": "gbdt",
                "colsample_bytree": 0.7,
                "learning_rate": 0.2,
                "min_child_samples": 30,
                "min_child_weight": 0.001,
                "min_split_gain": 0.0,
                "n_estimators": 59,
                "num_leaves": 31,
                "reg_alpha": 0.0,
                "reg_lambda": 0.0
            }
        },
        {
            "finishedAt": 1718712965011,
            "score": 0.80447922384765,
            "testScoreGibMean": 0.80447922384765,
            "testScoreMean": 0.80447922384765,
            "testScoreStd": 0.006285481671149566,
            "trainScoreMean": 0.8585683906483098,
            "trainScoreStd": 0.015068656224884064,
            "time": 75367,
            "fitTimeMean": 14684.2,
            "fitTimeStd": 16305.529410601792,
            "scoreTimeMean": 389.2,
            "scoreTimeStd": 114.95981906735936,
            "parameters": {
                "boosting_type": "gbdt",
                "colsample_bytree": 0.9,
                "learning_rate": 0.2,
                "min_child_samples": 30,
                "min_child_weight": 0.001,
                "min_split_gain": 0.0,
                "n_estimators": 52,
                "num_leaves": 31,
                "reg_alpha": 0.0,
                "reg_lambda": 0.0
            }
        },
        {
            "finishedAt": 1718712967861,
            "score": 0.8068432148572486,
            "testScoreGibMean": 0.8068432148572486,
            "testScoreMean": 0.8068432148572486,
            "testScoreStd": 0.0051867366290712265,
            "trainScoreMean": 0.8654623974166266,
            "trainScoreStd": 0.010472306492041216,
            "time": 42970,
            "fitTimeMean": 8200.0,
            "fitTimeStd": 1734.1500511778097,
            "scoreTimeMean": 394.0,
            "scoreTimeStd": 35.927705186944515,
            "parameters": {
                "boosting_type": "gbdt",
                "colsample_bytree": 0.7,
                "learning_rate": 0.2,
                "min_child_samples": 10,
                "min_child_weight": 0.001,
                "min_split_gain": 0.0,
                "n_estimators": 47,
                "num_leaves": 31,
                "reg_alpha": 0.0,
                "reg_lambda": 0.0
            }
        },
        {
            "finishedAt": 1718712970916,
            "score": 0.8034325292661264,
            "testScoreGibMean": 0.8034325292661264,
            "testScoreMean": 0.8034325292661264,
            "testScoreStd": 0.0032397637336947583,
            "trainScoreMean": 0.8449243997996411,
            "trainScoreStd": 0.00299168185182895,
            "time": 18403,
            "fitTimeMean": 3258.6,
            "fitTimeStd": 2309.6994263323527,
            "scoreTimeMean": 422.0,
            "scoreTimeStd": 43.29896072655786,
            "parameters": {
                "boosting_type": "gbdt",
                "colsample_bytree": 0.7,
                "learning_rate": 0.1,
                "min_child_samples": 30,
                "min_child_weight": 0.001,
                "min_split_gain": 0.0,
                "n_estimators": 76,
                "num_leaves": 31,
                "reg_alpha": 0.0,
                "reg_lambda": 0.0
            }
        },
        {
            "finishedAt": 1718712972427,
            "score": 0.8044670053303297,
            "testScoreGibMean": 0.8044670053303297,
            "testScoreMean": 0.8044670053303297,
            "testScoreStd": 0.005414176428753566,
            "trainScoreMean": 0.8604724497688906,
            "trainScoreStd": 0.017879416928939008,
            "time": 9303,
            "fitTimeMean": 1568.8,
            "fitTimeStd": 584.9073088960336,
            "scoreTimeMean": 291.8,
            "scoreTimeStd": 30.50508154390019,
            "parameters": {
                "boosting_type": "gbdt",
                "colsample_bytree": 0.9,
                "learning_rate": 0.2,
                "min_child_samples": 10,
                "min_child_weight": 0.001,
                "min_split_gain": 0.0,
                "n_estimators": 56,
                "num_leaves": 31,
                "reg_alpha": 0.0,
                "reg_lambda": 0.0
            }
        },
        {
            "finishedAt": 1718712974993,
            "score": 0.8035937539958515,
            "testScoreGibMean": 0.8035937539958515,
            "testScoreMean": 0.8035937539958515,
            "testScoreStd": 0.002686309467399524,
            "trainScoreMean": 0.8471013725217416,
            "trainScoreStd": 0.003985114765038419,
            "time": 10109,
            "fitTimeMean": 1654.8,
            "fitTimeStd": 213.59344559232147,
            "scoreTimeMean": 367.0,
            "scoreTimeStd": 31.381523226255286,
            "parameters": {
                "boosting_type": "gbdt",
                "colsample_bytree": 0.9,
                "learning_rate": 0.1,
                "min_child_samples": 10,
                "min_child_weight": 0.001,
                "min_split_gain": 0.0,
                "n_estimators": 71,
                "num_leaves": 31,
                "reg_alpha": 0.0,
                "reg_lambda": 0.0
            }
        },
        {
            "finishedAt": 1718712977558,
            "score": 0.8032237543222736,
            "testScoreGibMean": 0.8032237543222736,
            "testScoreMean": 0.8032237543222736,
            "testScoreStd": 0.0029312366457796665,
            "trainScoreMean": 0.8481158088921347,
            "trainScoreStd": 0.0014889040830781833,
            "time": 11762,
            "fitTimeMean": 1988.2,
            "fitTimeStd": 404.8957396663986,
            "scoreTimeMean": 364.2,
            "scoreTimeStd": 24.846730167166868,
            "parameters": {
                "boosting_type": "gbdt",
                "colsample_bytree": 0.9,
                "learning_rate": 0.1,
                "min_child_samples": 30,
                "min_child_weight": 0.001,
                "min_split_gain": 0.0,
                "n_estimators": 76,
                "num_leaves": 31,
                "reg_alpha": 0.0,
                "reg_lambda": 0.0
            }
        }
    ]
}