[
    {
        "test_score_gib": 0.8013066239338523,
        "train_score": 0.8499546212727512,
        "test_score": 0.8013066239338523,
        "num_samples": 11887,
        "fit_time": 1092,
        "score_time": 564,
        "time": 1656,
        "parameters": {
            "boosting_type": "gbdt",
            "colsample_bytree": 0.7,
            "learning_rate": 0.1,
            "min_child_samples": 10,
            "min_child_weight": 0.001,
            "min_split_gain": 0.0,
            "n_estimators": 75,
            "num_leaves": 31,
            "reg_alpha": 0.0,
            "reg_lambda": 0.0
        },
        "done_at": 1718712923753,
        "split_id": 0,
        "best_iteration_": 74
    },
    {
        "test_score_gib": 0.8043442362500252,
        "train_score": 0.8490386017741951,
        "test_score": 0.8043442362500252,
        "num_samples": 11887,
        "fit_time": 1493,
        "score_time": 365,
        "time": 1858,
        "parameters": {
            "boosting_type": "gbdt",
            "colsample_bytree": 0.7,
            "learning_rate": 0.1,
            "min_child_samples": 10,
            "min_child_weight": 0.001,
            "min_split_gain": 0.0,
            "n_estimators": 75,
            "num_leaves": 31,
            "reg_alpha": 0.0,
            "reg_lambda": 0.0
        },
        "done_at": 1718712923944,
        "split_id": 1,
        "best_iteration_": 74
    },
    {
        "test_score_gib": 0.7996301379673336,
        "train_score": 0.8493873131869689,
        "test_score": 0.7996301379673336,
        "num_samples": 11887,
        "fit_time": 1093,
        "score_time": 527,
        "time": 1620,
        "parameters": {
            "boosting_type": "gbdt",
            "colsample_bytree": 0.7,
            "learning_rate": 0.1,
            "min_child_samples": 10,
            "min_child_weight": 0.001,
            "min_split_gain": 0.0,
            "n_estimators": 75,
            "num_leaves": 31,
            "reg_alpha": 0.0,
            "reg_lambda": 0.0
        },
        "done_at": 1718712923708,
        "split_id": 2,
        "best_iteration_": 71
    },
    {
        "test_score_gib": 0.8021473656325547,
        "train_score": 0.8496562184307066,
        "test_score": 0.8021473656325547,
        "num_samples": 11887,
        "fit_time": 1174,
        "score_time": 472,
        "time": 1646,
        "parameters": {
            "boosting_type": "gbdt",
            "colsample_bytree": 0.7,
            "learning_rate": 0.1,
            "min_child_samples": 10,
            "min_child_weight": 0.001,
            "min_split_gain": 0.0,
            "n_estimators": 75,
            "num_leaves": 31,
            "reg_alpha": 0.0,
            "reg_lambda": 0.0
        },
        "done_at": 1718712923736,
        "split_id": 3,
        "best_iteration_": 75
    },
    {
        "test_score_gib": 0.8098849116230473,
        "train_score": 0.8481523482232439,
        "test_score": 0.8098849116230473,
        "num_samples": 11887,
        "fit_time": 1307,
        "score_time": 371,
        "time": 1678,
        "parameters": {
            "boosting_type": "gbdt",
            "colsample_bytree": 0.7,
            "learning_rate": 0.1,
            "min_child_samples": 10,
            "min_child_weight": 0.001,
            "min_split_gain": 0.0,
            "n_estimators": 75,
            "num_leaves": 31,
            "reg_alpha": 0.0,
            "reg_lambda": 0.0
        },
        "done_at": 1718712925403,
        "split_id": 4,
        "best_iteration_": 75
    },
    {
        "test_score_gib": 0.8072065473819025,
        "train_score": 0.8656491629028016,
        "test_score": 0.8072065473819025,
        "num_samples": 11887,
        "fit_time": 1147,
        "score_time": 313,
        "time": 1460,
        "parameters": {
            "boosting_type": "gbdt",
            "colsample_bytree": 0.7,
            "learning_rate": 0.2,
            "min_child_samples": 30,
            "min_child_weight": 0.001,
            "min_split_gain": 0.0,
            "n_estimators": 75,
            "num_leaves": 31,
            "reg_alpha": 0.0,
            "reg_lambda": 0.0
        },
        "done_at": 1718712925231,
        "split_id": 0,
        "best_iteration_": 58
    },
    {
        "test_score_gib": 0.8040663356368448,
        "train_score": 0.8451828287645546,
        "test_score": 0.8040663356368448,
        "num_samples": 11887,
        "fit_time": 953,
        "score_time": 312,
        "time": 1265,
        "parameters": {
            "boosting_type": "gbdt",
            "colsample_bytree": 0.7,
            "learning_rate": 0.2,
            "min_child_samples": 30,
            "min_child_weight": 0.001,
            "min_split_gain": 0.0,
            "n_estimators": 75,
            "num_leaves": 31,
            "reg_alpha": 0.0,
            "reg_lambda": 0.0
        },
        "done_at": 1718712925040,
        "split_id": 1,
        "best_iteration_": 37
    },
    {
        "test_score_gib": 0.7968324892455287,
        "train_score": 0.84315627886236,
        "test_score": 0.7968324892455287,
        "num_samples": 11887,
        "fit_time": 869,
        "score_time": 343,
        "time": 1212,
        "parameters": {
            "boosting_type": "gbdt",
            "colsample_bytree": 0.7,
            "learning_rate": 0.2,
            "min_child_samples": 30,
            "min_child_weight": 0.001,
            "min_split_gain": 0.0,
            "n_estimators": 75,
            "num_leaves": 31,
            "reg_alpha": 0.0,
            "reg_lambda": 0.0
        },
        "done_at": 1718712925178,
        "split_id": 2,
        "best_iteration_": 35
    },
    {
        "test_score_gib": 0.8061158472270603,
        "train_score": 0.8721292962038141,
        "test_score": 0.8061158472270603,
        "num_samples": 11887,
        "fit_time": 1332,
        "score_time": 573,
        "time": 1905,
        "parameters": {
            "boosting_type": "gbdt",
            "colsample_bytree": 0.7,
            "learning_rate": 0.2,
            "min_child_samples": 30,
            "min_child_weight": 0.001,
            "min_split_gain": 0.0,
            "n_estimators": 75,
            "num_leaves": 31,
            "reg_alpha": 0.0,
            "reg_lambda": 0.0
        },
        "done_at": 1718712926974,
        "split_id": 3,
        "best_iteration_": 64
    },
    {
        "test_score_gib": 0.8073361241966599,
        "train_score": 0.8656781726646268,
        "test_score": 0.8073361241966599,
        "num_samples": 11887,
        "fit_time": 36273,
        "score_time": 431,
        "time": 36704,
        "parameters": {
            "boosting_type": "gbdt",
            "colsample_bytree": 0.7,
            "learning_rate": 0.2,
            "min_child_samples": 30,
            "min_child_weight": 0.001,
            "min_split_gain": 0.0,
            "n_estimators": 75,
            "num_leaves": 31,
            "reg_alpha": 0.0,
            "reg_lambda": 0.0
        },
        "done_at": 1718712961895,
        "split_id": 4,
        "best_iteration_": 61
    },
    {
        "test_score_gib": 0.8054393254528629,
        "train_score": 0.8617047341730912,
        "test_score": 0.8054393254528629,
        "num_samples": 11887,
        "fit_time": 1139,
        "score_time": 563,
        "time": 1702,
        "parameters": {
            "boosting_type": "gbdt",
            "colsample_bytree": 0.9,
            "learning_rate": 0.2,
            "min_child_samples": 30,
            "min_child_weight": 0.001,
            "min_split_gain": 0.0,
            "n_estimators": 75,
            "num_leaves": 31,
            "reg_alpha": 0.0,
            "reg_lambda": 0.0
        },
        "done_at": 1718712926949,
        "split_id": 0,
        "best_iteration_": 51
    },
    {
        "test_score_gib": 0.8047704953766377,
        "train_score": 0.8505131069616912,
        "test_score": 0.8047704953766377,
        "num_samples": 11887,
        "fit_time": 741,
        "score_time": 256,
        "time": 997,
        "parameters": {
            "boosting_type": "gbdt",
            "colsample_bytree": 0.9,
            "learning_rate": 0.2,
            "min_child_samples": 30,
            "min_child_weight": 0.001,
            "min_split_gain": 0.0,
            "n_estimators": 75,
            "num_leaves": 31,
            "reg_alpha": 0.0,
            "reg_lambda": 0.0
        },
        "done_at": 1718712926416,
        "split_id": 1,
        "best_iteration_": 39
    },
    {
        "test_score_gib": 0.793174717484368,
        "train_score": 0.8348743834878403,
        "test_score": 0.793174717484368,
        "num_samples": 11887,
        "fit_time": 2558,
        "score_time": 292,
        "time": 2850,
        "parameters": {
            "boosting_type": "gbdt",
            "colsample_bytree": 0.9,
            "learning_rate": 0.2,
            "min_child_samples": 30,
            "min_child_weight": 0.001,
            "min_split_gain": 0.0,
            "n_estimators": 75,
            "num_leaves": 31,
            "reg_alpha": 0.0,
            "reg_lambda": 0.0
        },
        "done_at": 1718712929281,
        "split_id": 2,
        "best_iteration_": 28
    },
    {
        "test_score_gib": 0.8064887424829947,
        "train_score": 0.8661725735224856,
        "test_score": 0.8064887424829947,
        "num_samples": 11887,
        "fit_time": 31348,
        "score_time": 477,
        "time": 31825,
        "parameters": {
            "boosting_type": "gbdt",
            "colsample_bytree": 0.9,
            "learning_rate": 0.2,
            "min_child_samples": 30,
            "min_child_weight": 0.001,
            "min_split_gain": 0.0,
            "n_estimators": 75,
            "num_leaves": 31,
            "reg_alpha": 0.0,
            "reg_lambda": 0.0
        },
        "done_at": 1718712958841,
        "split_id": 3,
        "best_iteration_": 55
    },
    {
        "test_score_gib": 0.8125228384413866,
        "train_score": 0.8795771550964409,
        "test_score": 0.8125228384413866,
        "num_samples": 11887,
        "fit_time": 37635,
        "score_time": 358,
        "time": 37993,
        "parameters": {
            "boosting_type": "gbdt",
            "colsample_bytree": 0.9,
            "learning_rate": 0.2,
            "min_child_samples": 30,
            "min_child_weight": 0.001,
            "min_split_gain": 0.0,
            "n_estimators": 75,
            "num_leaves": 31,
            "reg_alpha": 0.0,
            "reg_lambda": 0.0
        },
        "done_at": 1718712965011,
        "split_id": 4,
        "best_iteration_": 74
    },
    {
        "test_score_gib": 0.8043720045833829,
        "train_score": 0.8585761667063162,
        "test_score": 0.8043720045833829,
        "num_samples": 11887,
        "fit_time": 6410,
        "score_time": 377,
        "time": 6787,
        "parameters": {
            "boosting_type": "gbdt",
            "colsample_bytree": 0.7,
            "learning_rate": 0.2,
            "min_child_samples": 10,
            "min_child_weight": 0.001,
            "min_split_gain": 0.0,
            "n_estimators": 75,
            "num_leaves": 31,
            "reg_alpha": 0.0,
            "reg_lambda": 0.0
        },
        "done_at": 1718712936088,
        "split_id": 0,
        "best_iteration_": 46
    },
    {
        "test_score_gib": 0.8056348770962267,
        "train_score": 0.8568011352189946,
        "test_score": 0.8056348770962267,
        "num_samples": 11887,
        "fit_time": 7516,
        "score_time": 372,
        "time": 7888,
        "parameters": {
            "boosting_type": "gbdt",
            "colsample_bytree": 0.7,
            "learning_rate": 0.2,
            "min_child_samples": 10,
            "min_child_weight": 0.001,
            "min_split_gain": 0.0,
            "n_estimators": 75,
            "num_leaves": 31,
            "reg_alpha": 0.0,
            "reg_lambda": 0.0
        },
        "done_at": 1718712943989,
        "split_id": 1,
        "best_iteration_": 45
    },
    {
        "test_score_gib": 0.8026890002287521,
        "train_score": 0.8573050627062242,
        "test_score": 0.8026890002287521,
        "num_samples": 11887,
        "fit_time": 7149,
        "score_time": 360,
        "time": 7509,
        "parameters": {
            "boosting_type": "gbdt",
            "colsample_bytree": 0.7,
            "learning_rate": 0.2,
            "min_child_samples": 10,
            "min_child_weight": 0.001,
            "min_split_gain": 0.0,
            "n_estimators": 75,
            "num_leaves": 31,
            "reg_alpha": 0.0,
            "reg_lambda": 0.0
        },
        "done_at": 1718712951517,
        "split_id": 2,
        "best_iteration_": 43
    },
    {
        "test_score_gib": 0.804475082027396,
        "train_score": 0.8710535476041626,
        "test_score": 0.804475082027396,
        "num_samples": 11887,
        "fit_time": 11385,
        "score_time": 400,
        "time": 11785,
        "parameters": {
            "boosting_type": "gbdt",
            "colsample_bytree": 0.7,
            "learning_rate": 0.2,
            "min_child_samples": 10,
            "min_child_weight": 0.001,
            "min_split_gain": 0.0,
            "n_estimators": 75,
            "num_leaves": 31,
            "reg_alpha": 0.0,
            "reg_lambda": 0.0
        },
        "done_at": 1718712963319,
        "split_id": 3,
        "best_iteration_": 58
    },
    {
        "test_score_gib": 0.8170451103504859,
        "train_score": 0.8835760748474348,
        "test_score": 0.8170451103504859,
        "num_samples": 11887,
        "fit_time": 8540,
        "score_time": 461,
        "time": 9001,
        "parameters": {
            "boosting_type": "gbdt",
            "colsample_bytree": 0.7,
            "learning_rate": 0.2,
            "min_child_samples": 10,
            "min_child_weight": 0.001,
            "min_split_gain": 0.0,
            "n_estimators": 75,
            "num_leaves": 31,
            "reg_alpha": 0.0,
            "reg_lambda": 0.0
        },
        "done_at": 1718712967861,
        "split_id": 4,
        "best_iteration_": 75
    },
    {
        "test_score_gib": 0.8016900355226079,
        "train_score": 0.8470731189334311,
        "test_score": 0.8016900355226079,
        "num_samples": 11887,
        "fit_time": 6584,
        "score_time": 466,
        "time": 7050,
        "parameters": {
            "boosting_type": "gbdt",
            "colsample_bytree": 0.7,
            "learning_rate": 0.1,
            "min_child_samples": 30,
            "min_child_weight": 0.001,
            "min_split_gain": 0.0,
            "n_estimators": 75,
            "num_leaves": 31,
            "reg_alpha": 0.0,
            "reg_lambda": 0.0
        },
        "done_at": 1718712968961,
        "split_id": 0,
        "best_iteration_": 75
    },
    {
        "test_score_gib": 0.8055659994618419,
        "train_score": 0.8464876881401924,
        "test_score": 0.8055659994618419,
        "num_samples": 11887,
        "fit_time": 1365,
        "score_time": 465,
        "time": 1830,
        "parameters": {
            "boosting_type": "gbdt",
            "colsample_bytree": 0.7,
            "learning_rate": 0.1,
            "min_child_samples": 30,
            "min_child_weight": 0.001,
            "min_split_gain": 0.0,
            "n_estimators": 75,
            "num_leaves": 31,
            "reg_alpha": 0.0,
            "reg_lambda": 0.0
        },
        "done_at": 1718712965164,
        "split_id": 1,
        "best_iteration_": 75
    },
    {
        "test_score_gib": 0.7985328759684586,
        "train_score": 0.8391225915895267,
        "test_score": 0.7985328759684586,
        "num_samples": 11887,
        "fit_time": 5530,
        "score_time": 352,
        "time": 5882,
        "parameters": {
            "boosting_type": "gbdt",
            "colsample_bytree": 0.7,
            "learning_rate": 0.1,
            "min_child_samples": 30,
            "min_child_weight": 0.001,
            "min_split_gain": 0.0,
            "n_estimators": 75,
            "num_leaves": 31,
            "reg_alpha": 0.0,
            "reg_lambda": 0.0
        },
        "done_at": 1718712970916,
        "split_id": 2,
        "best_iteration_": 60
    },
    {
        "test_score_gib": 0.8033715189200126,
        "train_score": 0.846929853418687,
        "test_score": 0.8033715189200126,
        "num_samples": 11887,
        "fit_time": 1325,
        "score_time": 397,
        "time": 1722,
        "parameters": {
            "boosting_type": "gbdt",
            "colsample_bytree": 0.7,
            "learning_rate": 0.1,
            "min_child_samples": 30,
            "min_child_weight": 0.001,
            "min_split_gain": 0.0,
            "n_estimators": 75,
            "num_leaves": 31,
            "reg_alpha": 0.0,
            "reg_lambda": 0.0
        },
        "done_at": 1718712966904,
        "split_id": 3,
        "best_iteration_": 75
    },
    {
        "test_score_gib": 0.8080022164577109,
        "train_score": 0.8450087469163678,
        "test_score": 0.8080022164577109,
        "num_samples": 11887,
        "fit_time": 1489,
        "score_time": 430,
        "time": 1919,
        "parameters": {
            "boosting_type": "gbdt",
            "colsample_bytree": 0.7,
            "learning_rate": 0.1,
            "min_child_samples": 30,
            "min_child_weight": 0.001,
            "min_split_gain": 0.0,
            "n_estimators": 75,
            "num_leaves": 31,
            "reg_alpha": 0.0,
            "reg_lambda": 0.0
        },
        "done_at": 1718712968839,
        "split_id": 4,
        "best_iteration_": 75
    },
    {
        "test_score_gib": 0.8038826909157658,
        "train_score": 0.8696622700138408,
        "test_score": 0.8038826909157658,
        "num_samples": 11887,
        "fit_time": 2424,
        "score_time": 301,
        "time": 2725,
        "parameters": {
            "boosting_type": "gbdt",
            "colsample_bytree": 0.9,
            "learning_rate": 0.2,
            "min_child_samples": 10,
            "min_child_weight": 0.001,
            "min_split_gain": 0.0,
            "n_estimators": 75,
            "num_leaves": 31,
            "reg_alpha": 0.0,
            "reg_lambda": 0.0
        },
        "done_at": 1718712970617,
        "split_id": 0,
        "best_iteration_": 55
    },
    {
        "test_score_gib": 0.8019892729928753,
        "train_score": 0.8411208278161674,
        "test_score": 0.8019892729928753,
        "num_samples": 11887,
        "fit_time": 929,
        "score_time": 237,
        "time": 1166,
        "parameters": {
            "boosting_type": "gbdt",
            "colsample_bytree": 0.9,
            "learning_rate": 0.2,
            "min_child_samples": 10,
            "min_child_weight": 0.001,
            "min_split_gain": 0.0,
            "n_estimators": 75,
            "num_leaves": 31,
            "reg_alpha": 0.0,
            "reg_lambda": 0.0
        },
        "done_at": 1718712970023,
        "split_id": 1,
        "best_iteration_": 31
    },
    {
        "test_score_gib": 0.8025969605886086,
        "train_score": 0.8781243144415195,
        "test_score": 0.8025969605886086,
        "num_samples": 11887,
        "fit_time": 2023,
        "score_time": 331,
        "time": 2354,
        "parameters": {
            "boosting_type": "gbdt",
            "colsample_bytree": 0.9,
            "learning_rate": 0.2,
            "min_child_samples": 10,
            "min_child_weight": 0.001,
            "min_split_gain": 0.0,
            "n_estimators": 75,
            "num_leaves": 31,
            "reg_alpha": 0.0,
            "reg_lambda": 0.0
        },
        "done_at": 1718712971334,
        "split_id": 2,
        "best_iteration_": 60
    },
    {
        "test_score_gib": 0.7990455254655172,
        "train_score": 0.8367300330545259,
        "test_score": 0.7990455254655172,
        "num_samples": 11887,
        "fit_time": 970,
        "score_time": 293,
        "time": 1263,
        "parameters": {
            "boosting_type": "gbdt",
            "colsample_bytree": 0.9,
            "learning_rate": 0.2,
            "min_child_samples": 10,
            "min_child_weight": 0.001,
            "min_split_gain": 0.0,
            "n_estimators": 75,
            "num_leaves": 31,
            "reg_alpha": 0.0,
            "reg_lambda": 0.0
        },
        "done_at": 1718712971300,
        "split_id": 3,
        "best_iteration_": 28
    },
    {
        "test_score_gib": 0.814820576688881,
        "train_score": 0.8767248035183999,
        "test_score": 0.814820576688881,
        "num_samples": 11887,
        "fit_time": 1498,
        "score_time": 297,
        "time": 1795,
        "parameters": {
            "boosting_type": "gbdt",
            "colsample_bytree": 0.9,
            "learning_rate": 0.2,
            "min_child_samples": 10,
            "min_child_weight": 0.001,
            "min_split_gain": 0.0,
            "n_estimators": 75,
            "num_leaves": 31,
            "reg_alpha": 0.0,
            "reg_lambda": 0.0
        },
        "done_at": 1718712972427,
        "split_id": 4,
        "best_iteration_": 63
    },
    {
        "test_score_gib": 0.8023391366108137,
        "train_score": 0.8524364546433899,
        "test_score": 0.8023391366108137,
        "num_samples": 11887,
        "fit_time": 1399,
        "score_time": 352,
        "time": 1751,
        "parameters": {
            "boosting_type": "gbdt",
            "colsample_bytree": 0.9,
            "learning_rate": 0.1,
            "min_child_samples": 10,
            "min_child_weight": 0.001,
            "min_split_gain": 0.0,
            "n_estimators": 75,
            "num_leaves": 31,
            "reg_alpha": 0.0,
            "reg_lambda": 0.0
        },
        "done_at": 1718712972686,
        "split_id": 0,
        "best_iteration_": 75
    },
    {
        "test_score_gib": 0.8044978963857885,
        "train_score": 0.842139525459322,
        "test_score": 0.8044978963857885,
        "num_samples": 11887,
        "fit_time": 1512,
        "score_time": 312,
        "time": 1824,
        "parameters": {
            "boosting_type": "gbdt",
            "colsample_bytree": 0.9,
            "learning_rate": 0.1,
            "min_child_samples": 10,
            "min_child_weight": 0.001,
            "min_split_gain": 0.0,
            "n_estimators": 75,
            "num_leaves": 31,
            "reg_alpha": 0.0,
            "reg_lambda": 0.0
        },
        "done_at": 1718712973151,
        "split_id": 1,
        "best_iteration_": 61
    },
    {
        "test_score_gib": 0.8007514745463028,
        "train_score": 0.8490451513652026,
        "test_score": 0.8007514745463028,
        "num_samples": 11887,
        "fit_time": 1921,
        "score_time": 395,
        "time": 2316,
        "parameters": {
            "boosting_type": "gbdt",
            "colsample_bytree": 0.9,
            "learning_rate": 0.1,
            "min_child_samples": 10,
            "min_child_weight": 0.001,
            "min_split_gain": 0.0,
            "n_estimators": 75,
            "num_leaves": 31,
            "reg_alpha": 0.0,
            "reg_lambda": 0.0
        },
        "done_at": 1718712973667,
        "split_id": 2,
        "best_iteration_": 70
    },
    {
        "test_score_gib": 0.801987447844204,
        "train_score": 0.8427916659550005,
        "test_score": 0.801987447844204,
        "num_samples": 11887,
        "fit_time": 1544,
        "score_time": 386,
        "time": 1930,
        "parameters": {
            "boosting_type": "gbdt",
            "colsample_bytree": 0.9,
            "learning_rate": 0.1,
            "min_child_samples": 10,
            "min_child_weight": 0.001,
            "min_split_gain": 0.0,
            "n_estimators": 75,
            "num_leaves": 31,
            "reg_alpha": 0.0,
            "reg_lambda": 0.0
        },
        "done_at": 1718712974376,
        "split_id": 3,
        "best_iteration_": 62
    },
    {
        "test_score_gib": 0.8083928145921488,
        "train_score": 0.8490940651857932,
        "test_score": 0.8083928145921488,
        "num_samples": 11887,
        "fit_time": 1898,
        "score_time": 390,
        "time": 2288,
        "parameters": {
            "boosting_type": "gbdt",
            "colsample_bytree": 0.9,
            "learning_rate": 0.1,
            "min_child_samples": 10,
            "min_child_weight": 0.001,
            "min_split_gain": 0.0,
            "n_estimators": 75,
            "num_leaves": 31,
            "reg_alpha": 0.0,
            "reg_lambda": 0.0
        },
        "done_at": 1718712974993,
        "split_id": 4,
        "best_iteration_": 75
    },
    {
        "test_score_gib": 0.8008296952036483,
        "train_score": 0.8500400184898321,
        "test_score": 0.8008296952036483,
        "num_samples": 11887,
        "fit_time": 2221,
        "score_time": 382,
        "time": 2603,
        "parameters": {
            "boosting_type": "gbdt",
            "colsample_bytree": 0.9,
            "learning_rate": 0.1,
            "min_child_samples": 30,
            "min_child_weight": 0.001,
            "min_split_gain": 0.0,
            "n_estimators": 75,
            "num_leaves": 31,
            "reg_alpha": 0.0,
            "reg_lambda": 0.0
        },
        "done_at": 1718712975770,
        "split_id": 0,
        "best_iteration_": 75
    },
    {
        "test_score_gib": 0.8051936256769564,
        "train_score": 0.8472835394793569,
        "test_score": 0.8051936256769564,
        "num_samples": 11887,
        "fit_time": 2628,
        "score_time": 392,
        "time": 3020,
        "parameters": {
            "boosting_type": "gbdt",
            "colsample_bytree": 0.9,
            "learning_rate": 0.1,
            "min_child_samples": 30,
            "min_child_weight": 0.001,
            "min_split_gain": 0.0,
            "n_estimators": 75,
            "num_leaves": 31,
            "reg_alpha": 0.0,
            "reg_lambda": 0.0
        },
        "done_at": 1718712976703,
        "split_id": 1,
        "best_iteration_": 75
    },
    {
        "test_score_gib": 0.7987242992993515,
        "train_score": 0.8494824261737949,
        "test_score": 0.7987242992993515,
        "num_samples": 11887,
        "fit_time": 1765,
        "score_time": 377,
        "time": 2142,
        "parameters": {
            "boosting_type": "gbdt",
            "colsample_bytree": 0.9,
            "learning_rate": 0.1,
            "min_child_samples": 30,
            "min_child_weight": 0.001,
            "min_split_gain": 0.0,
            "n_estimators": 75,
            "num_leaves": 31,
            "reg_alpha": 0.0,
            "reg_lambda": 0.0
        },
        "done_at": 1718712976537,
        "split_id": 2,
        "best_iteration_": 75
    },
    {
        "test_score_gib": 0.8049846461540815,
        "train_score": 0.8478349569322302,
        "test_score": 0.8049846461540815,
        "num_samples": 11887,
        "fit_time": 1882,
        "score_time": 343,
        "time": 2225,
        "parameters": {
            "boosting_type": "gbdt",
            "colsample_bytree": 0.9,
            "learning_rate": 0.1,
            "min_child_samples": 30,
            "min_child_weight": 0.001,
            "min_split_gain": 0.0,
            "n_estimators": 75,
            "num_leaves": 31,
            "reg_alpha": 0.0,
            "reg_lambda": 0.0
        },
        "done_at": 1718712977241,
        "split_id": 3,
        "best_iteration_": 73
    },
    {
        "test_score_gib": 0.8063865052773298,
        "train_score": 0.8459381033854595,
        "test_score": 0.8063865052773298,
        "num_samples": 11887,
        "fit_time": 1445,
        "score_time": 327,
        "time": 1772,
        "parameters": {
            "boosting_type": "gbdt",
            "colsample_bytree": 0.9,
            "learning_rate": 0.1,
            "min_child_samples": 30,
            "min_child_weight": 0.001,
            "min_split_gain": 0.0,
            "n_estimators": 75,
            "num_leaves": 31,
            "reg_alpha": 0.0,
            "reg_lambda": 0.0
        },
        "done_at": 1718712977558,
        "split_id": 4,
        "best_iteration_": 75
    }
]