{
    "modelInputNRows": 59435,
    "modelInputNCols": 263,
    "modelInputIsSparse": false,
    "modelInputMemory": 125051240,
    "usedGridSearch": true,
    "gridSize": 8,
    "gridBestScore": 0.8068432148572486,
    "gridCells": [
        {
            "params": {
                "boosting_type": "gbdt",
                "colsample_bytree": 0.7,
                "learning_rate": 0.1,
                "min_child_samples": 10,
                "min_child_weight": 0.001,
                "min_split_gain": 0.0,
                "n_estimators": 75,
                "num_leaves": 31,
                "reg_alpha": 0.0,
                "reg_lambda": 0.0
            },
            "score": 0.8034626550813626,
            "scoreStd": 0.0035521601460704847,
            "fitTime": 1.2318,
            "fitTimeStd": 0.15233568196584804,
            "scoreTime": 0.4598,
            "scoreTimeStd": 0.08049198717884906
        },
        {
            "params": {
                "boosting_type": "gbdt",
                "colsample_bytree": 0.7,
                "learning_rate": 0.2,
                "min_child_samples": 30,
                "min_child_weight": 0.001,
                "min_split_gain": 0.0,
                "n_estimators": 59,
                "num_leaves": 31,
                "reg_alpha": 0.0,
                "reg_lambda": 0.0
            },
            "score": 0.8043114687375992,
            "scoreStd": 0.003918699458132822,
            "fitTime": 8.1148,
            "fitTimeStd": 14.080013045448503,
            "scoreTime": 0.3944,
            "scoreTimeStd": 0.09929269862381625
        },
        {
            "params": {
                "boosting_type": "gbdt",
                "colsample_bytree": 0.9,
                "learning_rate": 0.2,
                "min_child_samples": 30,
                "min_child_weight": 0.001,
                "min_split_gain": 0.0,
                "n_estimators": 52,
                "num_leaves": 31,
                "reg_alpha": 0.0,
                "reg_lambda": 0.0
            },
            "score": 0.80447922384765,
            "scoreStd": 0.006285481671149566,
            "fitTime": 14.6842,
            "fitTimeStd": 16.305529410601793,
            "scoreTime": 0.3892,
            "scoreTimeStd": 0.11495981906735936
        },
        {
            "params": {
                "boosting_type": "gbdt",
                "colsample_bytree": 0.7,
                "learning_rate": 0.2,
                "min_child_samples": 10,
                "min_child_weight": 0.001,
                "min_split_gain": 0.0,
                "n_estimators": 47,
                "num_leaves": 31,
                "reg_alpha": 0.0,
                "reg_lambda": 0.0
            },
            "score": 0.8068432148572486,
            "scoreStd": 0.0051867366290712265,
            "fitTime": 8.2,
            "fitTimeStd": 1.7341500511778096,
            "scoreTime": 0.394,
            "scoreTimeStd": 0.03592770518694451
        },
        {
            "params": {
                "boosting_type": "gbdt",
                "colsample_bytree": 0.7,
                "learning_rate": 0.1,
                "min_child_samples": 30,
                "min_child_weight": 0.001,
                "min_split_gain": 0.0,
                "n_estimators": 76,
                "num_leaves": 31,
                "reg_alpha": 0.0,
                "reg_lambda": 0.0
            },
            "score": 0.8034325292661264,
            "scoreStd": 0.0032397637336947583,
            "fitTime": 3.2586,
            "fitTimeStd": 2.3096994263323527,
            "scoreTime": 0.422,
            "scoreTimeStd": 0.04329896072655786
        },
        {
            "params": {
                "boosting_type": "gbdt",
                "colsample_bytree": 0.9,
                "learning_rate": 0.2,
                "min_child_samples": 10,
                "min_child_weight": 0.001,
                "min_split_gain": 0.0,
                "n_estimators": 56,
                "num_leaves": 31,
                "reg_alpha": 0.0,
                "reg_lambda": 0.0
            },
            "score": 0.8044670053303297,
            "scoreStd": 0.005414176428753566,
            "fitTime": 1.5688,
            "fitTimeStd": 0.5849073088960336,
            "scoreTime": 0.2918,
            "scoreTimeStd": 0.03050508154390019
        },
        {
            "params": {
                "boosting_type": "gbdt",
                "colsample_bytree": 0.9,
                "learning_rate": 0.1,
                "min_child_samples": 10,
                "min_child_weight": 0.001,
                "min_split_gain": 0.0,
                "n_estimators": 71,
                "num_leaves": 31,
                "reg_alpha": 0.0,
                "reg_lambda": 0.0
            },
            "score": 0.8035937539958515,
            "scoreStd": 0.002686309467399524,
            "fitTime": 1.6548,
            "fitTimeStd": 0.21359344559232146,
            "scoreTime": 0.367,
            "scoreTimeStd": 0.03138152322625529
        },
        {
            "params": {
                "boosting_type": "gbdt",
                "colsample_bytree": 0.9,
                "learning_rate": 0.1,
                "min_child_samples": 30,
                "min_child_weight": 0.001,
                "min_split_gain": 0.0,
                "n_estimators": 76,
                "num_leaves": 31,
                "reg_alpha": 0.0,
                "reg_lambda": 0.0
            },
            "score": 0.8032237543222736,
            "scoreStd": 0.0029312366457796665,
            "fitTime": 1.9882,
            "fitTimeStd": 0.4048957396663986,
            "scoreTime": 0.36419999999999997,
            "scoreTimeStd": 0.024846730167166868
        }
    ],
    "rawImportance": {
        "variables": [
            "Weight",
            "Height",
            "Age",
            "IMC",
            "dummy:NOC:USA",
            "dummy:NOC:GBR",
            "dummy:NOC:FRA",
            "dummy:NOC:JPN",
            "dummy:NOC:AUS",
            "dummy:NOC:CAN",
            "dummy:NOC:ITA",
            "dummy:NOC:GER",
            "dummy:NOC:HUN",
            "dummy:NOC:POL",
            "dummy:NOC:CHN",
            "dummy:NOC:URS",
            "dummy:NOC:RUS",
            "dummy:NOC:ESP",
            "dummy:NOC:ROU",
            "dummy:NOC:BUL",
            "dummy:NOC:KOR",
            "dummy:NOC:SWE",
            "dummy:NOC:FIN",
            "dummy:NOC:SUI",
            "dummy:NOC:FRG",
            "dummy:NOC:BRA",
            "dummy:NOC:UKR",
            "dummy:NOC:MEX",
            "dummy:NOC:GDR",
            "dummy:NOC:CUB",
            "dummy:NOC:NED",
            "dummy:NOC:TCH",
            "dummy:NOC:BEL",
            "dummy:NOC:GRE",
            "dummy:NOC:AUT",
            "dummy:NOC:BLR",
            "dummy:NOC:ARG",
            "dummy:NOC:NZL",
            "dummy:NOC:POR",
            "dummy:NOC:TUR",
            "dummy:NOC:DEN",
            "dummy:NOC:TPE",
            "dummy:NOC:NOR",
            "dummy:NOC:COL",
            "dummy:NOC:IRL",
            "dummy:NOC:KAZ",
            "dummy:NOC:YUG",
            "dummy:NOC:RSA",
            "dummy:NOC:VEN",
            "dummy:NOC:JAM",
            "dummy:NOC:EGY",
            "dummy:NOC:IRI",
            "dummy:NOC:KEN",
            "dummy:NOC:THA",
            "dummy:NOC:PRK",
            "dummy:NOC:IND",
            "dummy:NOC:MGL",
            "dummy:NOC:PUR",
            "dummy:NOC:NGR",
            "dummy:NOC:ISR",
            "dummy:NOC:PHI",
            "dummy:NOC:HKG",
            "dummy:NOC:UZB",
            "dummy:NOC:ALG",
            "dummy:NOC:LTU",
            "dummy:NOC:SLO",
            "dummy:NOC:LAT",
            "dummy:NOC:CRO",
            "dummy:NOC:LUX",
            "dummy:NOC:ETH",
            "dummy:NOC:TUN",
            "dummy:NOC:MAS",
            "dummy:NOC:CHI",
            "dummy:NOC:EUN",
            "dummy:NOC:EST",
            "dummy:NOC:ECU",
            "dummy:NOC:PER",
            "dummy:NOC:GUA",
            "dummy:NOC:BAH",
            "dummy:NOC:TTO",
            "dummy:NOC:INA",
            "dummy:NOC:ISL",
            "dummy:NOC:ZIM",
            "dummy:NOC:SGP",
            "dummy:NOC:SEN",
            "dummy:NOC:UGA",
            "dummy:NOC:URU",
            "dummy:NOC:KGZ",
            "dummy:NOC:MDA",
            "dummy:NOC:BAR",
            "dummy:NOC:LIB",
            "dummy:NOC:PAK",
            "dummy:NOC:KUW",
            "dummy:NOC:CMR",
            "dummy:NOC:ESA",
            "dummy:NOC:DOM",
            "dummy:NOC:ISV",
            "dummy:NOC:GHA",
            "dummy:NOC:__Others__",
            "dummy:Sex:M",
            "dummy:Sex:F",
            "dummy:City:Rio de Janeiro",
            "dummy:City:Beijing",
            "dummy:City:Athina",
            "dummy:City:Sydney",
            "dummy:City:London",
            "dummy:City:Atlanta",
            "dummy:City:Seoul",
            "dummy:City:Barcelona",
            "dummy:City:Munich",
            "dummy:City:Los Angeles",
            "dummy:City:Mexico City",
            "dummy:City:Tokyo",
            "dummy:City:Roma",
            "dummy:City:Montreal",
            "dummy:City:Moskva",
            "dummy:City:Melbourne",
            "dummy:City:Helsinki",
            "dummy:City_in_Country:False",
            "dummy:City_in_Country:True",
            "dummy:Sport:Athletics",
            "dummy:Sport:Gymnastics",
            "dummy:Sport:Swimming",
            "dummy:Sport:Cycling",
            "dummy:Sport:Wrestling",
            "dummy:Sport:Shooting",
            "dummy:Sport:Boxing",
            "dummy:Sport:Judo",
            "dummy:Sport:Fencing",
            "dummy:Sport:Weightlifting",
            "dummy:Sport:Canoeing",
            "dummy:Sport:Diving",
            "dummy:Sport:Archery",
            "dummy:Sport:Tennis",
            "dummy:Sport:Table Tennis",
            "dummy:Sport:Sailing",
            "dummy:Sport:Modern Pentathlon",
            "dummy:Sport:Taekwondo",
            "dummy:Sport:Badminton",
            "dummy:Sport:Triathlon",
            "dummy:Sport:Trampolining",
            "dummy:Event:Floor Exercise",
            "dummy:Event:Individual",
            "dummy:Event:Individual All-Around",
            "dummy:Event:Road Race, Individual",
            "dummy:Event:Singles",
            "dummy:Event:Horse Vault",
            "dummy:Event:Marathon",
            "dummy:Event:100 metres",
            "dummy:Event:200 metres",
            "dummy:Event:100 metres Freestyle",
            "dummy:Event:400 metres",
            "dummy:Event:Lightweight",
            "dummy:Event:800 metres",
            "dummy:Event:Parallel Bars",
            "dummy:Event:Pommelled Horse",
            "dummy:Event:Horizontal Bar",
            "dummy:Event:Rings",
            "dummy:Event:Foil, Individual",
            "dummy:Event:1,500 metres",
            "dummy:Event:100 metres Butterfly",
            "dummy:Event:100 metres Backstroke",
            "dummy:Event:Heavyweight",
            "dummy:Event:400 metres Freestyle",
            "dummy:Event:epee, Individual",
            "dummy:Event:50 metres Freestyle",
            "dummy:Event:20 kilometres Walk",
            "dummy:Event:5,000 metres",
            "dummy:Event:Discus Throw",
            "dummy:Event:10,000 metres",
            "dummy:Event:Javelin Throw",
            "dummy:Event:400 metres Hurdles",
            "dummy:Event:Featherweight",
            "dummy:Event:Air Rifle, 10 metres",
            "dummy:Event:Springboard",
            "dummy:Event:Shot Put",
            "dummy:Event:200 metres Butterfly",
            "dummy:Event:Triple Jump",
            "dummy:Event:Flyweight",
            "dummy:Event:400 metres Individual Medley",
            "dummy:Event:Bantamweight",
            "dummy:Event:3,000 metres Steeplechase",
            "dummy:Event:Light-Heavyweight",
            "dummy:Event:Hammer Throw",
            "dummy:Event:Air Pistol, 10 metres",
            "dummy:Event:Pole Vault",
            "dummy:Event:110 metres Hurdles",
            "dummy:Event:Welterweight",
            "dummy:Event:Olympic Distance",
            "dummy:Event:Single Sculls",
            "dummy:Event:Free Pistol, 50 metres",
            "dummy:Event:Mountainbike, Cross-Country",
            "dummy:Event:Windsurfer",
            "dummy:Event:Light-Welterweight",
            "dummy:Event:Half-Lightweight",
            "dummy:Event:One Person Dinghy",
            "dummy:Event:Kayak Singles, Slalom",
            "dummy:Event:Super-Heavyweight",
            "dummy:Event:Individual Time Trial",
            "dummy:Event:Light-Flyweight",
            "dummy:Event:Sporting Pistol, 25 metres",
            "dummy:Event:800 metres Freestyle",
            "dummy:Event:Featherweight, Greco-Roman",
            "dummy:Event:Welterweight, Freestyle",
            "dummy:Event:Light-Heavyweight, Freestyle",
            "dummy:Event:Heptathlon",
            "dummy:Event:__Others__"
        ],
        "importances": [
            0.040900705391271934,
            0.037840328322508075,
            0.04625832864660733,
            0.039528366693975504,
            0.06965698794572225,
            0.0036533261093883887,
            0.0028301873166409566,
            0.018784568013688562,
            0.016257831359700367,
            0.003574476921040947,
            0.007230240334968981,
            0.0031266535235062645,
            0.006240921765716966,
            0.0021064022383710302,
            0.026848872086145992,
            0.0728710219097663,
            0.023465878725150834,
            0.0021482217491178347,
            0.009290677716156116,
            0.004892477881896467,
            0.004242738461097342,
            0.001578406533798406,
            0.0005215055981798687,
            0.0027471852820659805,
            0.0013418781002969905,
            0.002433933114979743,
            0.0008571646627694251,
            0.0022326729979166206,
            0.025254767387203763,
            0.00996799035708506,
            0.0013348924275624063,
            0.0008659145975286949,
            0.0005131610200188692,
            0.0022900556351275955,
            0.004337923749593954,
            0.002003452261170834,
            0.0034053716319398554,
            0.0001550607711481678,
            0.0027883399010134786,
            0.0008102412191622941,
            0.00028494010439321734,
            0.004979255947756043,
            0.00030465377054559754,
            0.001390916739519434,
            0.003741262680613474,
            0.0014007550212271841,
            0.00024887502719872056,
            0.0017003594517266745,
            0.0037240772362716976,
            0.0029851708540980905,
            0.0034459218243796906,
            0.00060737709503069,
            0.00998061752784829,
            0.0009475810609309231,
            0.0007816603951109362,
            0.001989798411547347,
            0.00028754979090871,
            0.0033800548794214,
            0.00160712683980149,
            0.0012738686562410034,
            0.0030628993614948506,
            0.0027400754382726155,
            0.0009748843452069184,
            0.0005715375775714591,
            0.0006955798239132796,
            0.000493529271388914,
            0.0002480826814134959,
            0.001009536829795853,
            0.0013192798449329437,
            0.006926628511724942,
            0.00055598595550282,
            0.00036212549960683803,
            0.0007555413418967312,
            0.007226776634580039,
            0.0007281355652015056,
            0.0015094361826293089,
            0.003126178277351377,
            0.0019154509158122366,
            0.00013349769912373088,
            0.0009543649751519928,
            0.0006693180341213063,
            0.0018327968432128052,
            0.001478864829290599,
            0.00014134993726784787,
            0.0030199266306122183,
            0.000532211152824552,
            0.0006095173229654308,
            0.0007148704594329261,
            0.0011455100540894018,
            0.0008169768800146526,
            0.001995344824968646,
            0.0014201663184697049,
            0.00037837005986093744,
            0.0012171659811629645,
            0.0013237038864130745,
            0.0006112680570662197,
            0.0013685918868934722,
            0.0010478871921927326,
            0.05892679998461298,
            0.013374099869350852,
            0.003668147195265507,
            0.003396809050436227,
            0.0007608442739137106,
            0.0011709677814423988,
            0.001485344549181116,
            0.0014378839649221054,
            0.00239721217403557,
            0.001912506165545709,
            0.00018780065351763694,
            0.0025126544672764697,
            0.004284723405900921,
            0.00316826490799295,
            0.00033748861724275614,
            0.0021312557514745843,
            0.0009205804851779398,
            0.0009159376620750395,
            0.0021885375660309937,
            0.002120710423485009,
            0.004188893163727148,
            0.0007713317120113807,
            0.017210449633657754,
            0.07238147038572385,
            0.021636015552325465,
            0.0033059223729621926,
            0.016290001512705893,
            0.0052425489683212935,
            0.014333110823177952,
            0.011685031904010277,
            0.0025012274186404435,
            0.008872638533576586,
            0.005700358379284942,
            0.002180444980828941,
            0.0019850042200323928,
            0.003570289632379558,
            0.0046035063429776335,
            0.00023779554432289533,
            0.001134897992115415,
            0.008220406366390716,
            0.0013804508244052859,
            0.0015467869220137256,
            0.0009917931746362117,
            0.0003913235564118073,
            0.0014073608649521068,
            0.0013969609479938731,
            0.014452856892391452,
            0.0022850018235083176,
            0.0015395905476192852,
            0.0030052762357204604,
            0.002531575575385405,
            0.0010106659869247917,
            0.0006009849245807058,
            0.0003061508985249663,
            0.0004581491231697044,
            0.000218123438330018,
            0.0006047982708604052,
            0.00046915887214494053,
            0.00046242839039315343,
            0.0002769379977951354,
            0.0005500923088591985,
            0.0013161951811229758,
            0.00019476408159075078,
            0.00014839853748942883,
            0.001815470593843064,
            0.0002160995420504604,
            0.0008940176424770716,
            0.0018271302208861685,
            0.0031891214290047415,
            0.0005659407245217816,
            0.0004476438695320907,
            0.0011087149642736607,
            0.00030634974202559096,
            0.0003194516212228849,
            0.0024257529661866097,
            0.0001687428228138371,
            0.0003906439904942156,
            0.00011572513439450673,
            0.0002559467918673925,
            0.0022051441963570036,
            0.0005987236104066505,
            0.0012022963023039827,
            0.00014364134965751859,
            0.0009542165642044728,
            0.0009353026587244741,
            0.0003835143783852822,
            0.001320688135771911,
            0.0003506281793493984,
            0.0011289939448190067,
            0.0003442907573696616,
            0.0004498220916882362,
            0.00019185881842844287,
            0.0002513707593510955,
            0.0008720931230048368,
            0.0023979180316713623,
            0.00034450842109913846,
            0.00027823781053306447,
            0.0006504056002983006,
            0.0006568467740960405,
            0.00031634158548033645,
            0.0005287613199726597,
            0.000541029307375774,
            0.0002120814231905204,
            0.0003535588144442867,
            0.0001687131491146619,
            0.00021101902834708892,
            0.0011227961887481203,
            0.000225043834586636,
            0.007833341261746236
        ]
    },
    "probaAware": true
}