{
  "state": "DONE",
  "preSearchDescription": {
    "gridLength": 8,
    "searchStrategy": "GRID",
    "importantParams": [
      {
        "name": "boosting_type",
        "vals": [
          "gbdt"
        ]
      },
      {
        "name": "n_estimators",
        "vals": [
          "75"
        ]
      },
      {
        "name": "num_leaves",
        "vals": [
          "31"
        ]
      },
      {
        "name": "learning_rate",
        "vals": [
          "0.1",
          "0.2"
        ]
      }
    ]
  },
  "postSearchDescription": {
    "importantParams": [
      {
        "name": "boosting_type",
        "val": "gbdt"
      },
      {
        "name": "n_estimators",
        "val": "47"
      },
      {
        "name": "num_leaves",
        "val": "31"
      },
      {
        "name": "learning_rate",
        "val": "0.2"
      }
    ]
  },
  "resumed": false,
  "timeOrderingEnabled": false,
  "sampleWeightsEnabled": false,
  "modelId": "m1",
  "progress": {
    "top_level_todo": [],
    "stack": [],
    "top_level_done": [
      {
        "name": "Loading train set",
        "time": 199
      },
      {
        "name": "Loading test set",
        "time": 58
      },
      {
        "name": "Collecting statistics",
        "time": 93
      },
      {
        "name": "Preprocessing train set",
        "time": 237
      },
      {
        "name": "Preprocessing test set",
        "time": 78
      },
      {
        "name": "Hyperparameter searching",
        "time": 55991
      },
      {
        "name": "Fitting model",
        "time": 582
      },
      {
        "name": "Saving model",
        "time": 141
      },
      {
        "name": "Scoring model",
        "time": 4168
      },
      {
        "name": "Preparing explainability",
        "time": 4918
      }
    ]
  },
  "startTime": 1718712921158,
  "endTime": 1718712987631,
  "preprocessingTime": 668,
  "trainingTime": 65805,
  "hyperparamsSearchTime": 55991,
  "pythonVersion": "3.7.13"
}