{
    "perClassFacts": {
        "unique": {
            "NOC": {
                "impact": 0.8757984883978922,
                "rank": 1,
                "feature": "NOC",
                "positiveCategoricalValue": "USA",
                "negativeCategoricalValue": "BRA",
                "infoGain": 0.6640641265641081,
                "type": "CATEGORICAL"
            },
            "Weight": {
                "impact": 0.5386530024759866,
                "rank": 2,
                "feature": "Weight",
                "correlation": 0.9885315353702676,
                "type": "NUMERICAL"
            },
            "Sport": {
                "impact": 0.5034814352968029,
                "rank": 3,
                "feature": "Sport",
                "positiveCategoricalValue": "Swimming",
                "negativeCategoricalValue": "Athletics",
                "infoGain": 0.6899437584583995,
                "type": "CATEGORICAL"
            },
            "Event": {
                "impact": 0.35385813821071305,
                "rank": 4,
                "feature": "Event",
                "positiveCategoricalValue": "Floor Exercise",
                "negativeCategoricalValue": "Uneven Bars",
                "infoGain": 0.6909233093138181,
                "type": "CATEGORICAL"
            },
            "IMC": {
                "impact": 0.3082912674715877,
                "rank": 5,
                "feature": "IMC",
                "correlation": -0.9959243807131362,
                "type": "NUMERICAL"
            },
            "Height": {
                "impact": 0.169977785016426,
                "rank": 6,
                "feature": "Height",
                "correlation": -0.9841342215630442,
                "type": "NUMERICAL"
            },
            "Sex": {
                "impact": 0.1418530543035557,
                "rank": 7,
                "feature": "Sex",
                "positiveCategoricalValue": "F",
                "negativeCategoricalValue": "M",
                "infoGain": 0.6494857185423186,
                "type": "CATEGORICAL"
            },
            "City": {
                "impact": 0.133130198998594,
                "rank": 8,
                "feature": "City",
                "positiveCategoricalValue": "Athina",
                "negativeCategoricalValue": "Montreal",
                "infoGain": 0.6108643020548935,
                "type": "CATEGORICAL"
            },
            "Age": {
                "impact": 0.03359493364339776,
                "rank": 9,
                "feature": "Age",
                "correlation": 0.9690045112841197,
                "type": "NUMERICAL"
            }
        }
    }
}