{
    "startedAt": 1718712853326,
    "gridSize": 5,
    "nThreads": 4,
    "nSplits": 5,
    "metric": "ROC_AUC",
    "timeout": null,
    "gridPoints": [
        {
            "finishedAt": 1718712858061,
            "score": 0.7690513355132027,
            "testScoreGibMean": 0.7690513355132027,
            "testScoreMean": 0.7690513355132027,
            "testScoreStd": 0.003569138456801826,
            "trainScoreMean": 0.7816838095547617,
            "trainScoreStd": 0.0009257339486732442,
            "time": 9589,
            "fitTimeMean": 1393.6,
            "fitTimeStd": 659.0743812347739,
            "scoreTimeMean": 524.2,
            "scoreTimeStd": 145.22589300809963,
            "parameters": {
                "C": 0.1,
                "penalty": "l2"
            }
        },
        {
            "finishedAt": 1718712860320,
            "score": 0.7583058937063966,
            "testScoreGibMean": 0.7583058937063966,
            "testScoreMean": 0.7583058937063966,
            "testScoreStd": 0.005014816666861122,
            "trainScoreMean": 0.7674223029175429,
            "trainScoreStd": 0.00103079521662346,
            "time": 11981,
            "fitTimeMean": 1822.2,
            "fitTimeStd": 140.41281992752656,
            "scoreTimeMean": 574.0,
            "scoreTimeStd": 149.9773316204819,
            "parameters": {
                "C": 0.01,
                "penalty": "l2"
            }
        },
        {
            "finishedAt": 1718712869218,
            "score": 0.7709686319867265,
            "testScoreGibMean": 0.7709686319867265,
            "testScoreMean": 0.7709686319867265,
            "testScoreStd": 0.002818040117826834,
            "trainScoreMean": 0.784904814202718,
            "trainScoreStd": 0.0009425876239742099,
            "time": 28803,
            "fitTimeMean": 5499.8,
            "fitTimeStd": 882.1182233691808,
            "scoreTimeMean": 260.8,
            "scoreTimeStd": 90.98879051839299,
            "parameters": {
                "C": 10.0,
                "penalty": "l2"
            }
        },
        {
            "finishedAt": 1718712870832,
            "score": 0.7708979122901803,
            "testScoreGibMean": 0.7708979122901803,
            "testScoreMean": 0.7708979122901803,
            "testScoreStd": 0.002888446290290856,
            "trainScoreMean": 0.7847053759149956,
            "trainScoreStd": 0.0009306377253196538,
            "time": 14461,
            "fitTimeMean": 2573.4,
            "fitTimeStd": 410.4527256579008,
            "scoreTimeMean": 318.8,
            "scoreTimeStd": 43.52194848579278,
            "parameters": {
                "C": 1.0,
                "penalty": "l2"
            }
        },
        {
            "finishedAt": 1718712881944,
            "score": 0.7709548366180445,
            "testScoreGibMean": 0.7709548366180445,
            "testScoreMean": 0.7709548366180445,
            "testScoreStd": 0.0028165249218130156,
            "trainScoreMean": 0.7849034950319552,
            "trainScoreStd": 0.0009473214725716356,
            "time": 33836,
            "fitTimeMean": 6484.2,
            "fitTimeStd": 850.1603142937219,
            "scoreTimeMean": 283.0,
            "scoreTimeStd": 57.148928248918196,
            "parameters": {
                "C": 100.0,
                "penalty": "l2"
            }
        }
    ]
}