[
    {
        "test_score_gib": 0.7622743420947422,
        "train_score": 0.7833155957628274,
        "test_score": 0.7622743420947422,
        "num_samples": 11887,
        "fit_time": 943,
        "score_time": 297,
        "time": 1240,
        "parameters": {
            "C": 0.1,
            "penalty": "l2"
        },
        "done_at": 1718712854571,
        "split_id": 0
    },
    {
        "test_score_gib": 0.7709742608843174,
        "train_score": 0.7812456914783658,
        "test_score": 0.7709742608843174,
        "num_samples": 11887,
        "fit_time": 991,
        "score_time": 481,
        "time": 1472,
        "parameters": {
            "C": 0.1,
            "penalty": "l2"
        },
        "done_at": 1718712854808,
        "split_id": 1
    },
    {
        "test_score_gib": 0.7695313504918168,
        "train_score": 0.7819797507391846,
        "test_score": 0.7695313504918168,
        "num_samples": 11887,
        "fit_time": 1060,
        "score_time": 593,
        "time": 1653,
        "parameters": {
            "C": 0.1,
            "penalty": "l2"
        },
        "done_at": 1718712854992,
        "split_id": 2
    },
    {
        "test_score_gib": 0.7697768764440404,
        "train_score": 0.7812804678515145,
        "test_score": 0.7697768764440404,
        "num_samples": 11887,
        "fit_time": 1283,
        "score_time": 509,
        "time": 1792,
        "parameters": {
            "C": 0.1,
            "penalty": "l2"
        },
        "done_at": 1718712855132,
        "split_id": 3
    },
    {
        "test_score_gib": 0.7726998476510968,
        "train_score": 0.7805975419419164,
        "test_score": 0.7726998476510968,
        "num_samples": 11887,
        "fit_time": 2691,
        "score_time": 741,
        "time": 3432,
        "parameters": {
            "C": 0.1,
            "penalty": "l2"
        },
        "done_at": 1718712858061,
        "split_id": 4
    },
    {
        "test_score_gib": 0.748601718838107,
        "train_score": 0.7691746323261364,
        "test_score": 0.748601718838107,
        "num_samples": 11887,
        "fit_time": 1757,
        "score_time": 418,
        "time": 2175,
        "parameters": {
            "C": 0.01,
            "penalty": "l2"
        },
        "done_at": 1718712857008,
        "split_id": 0
    },
    {
        "test_score_gib": 0.7599815642601822,
        "train_score": 0.7674663186875119,
        "test_score": 0.7599815642601822,
        "num_samples": 11887,
        "fit_time": 1793,
        "score_time": 844,
        "time": 2637,
        "parameters": {
            "C": 0.01,
            "penalty": "l2"
        },
        "done_at": 1718712857688,
        "split_id": 1
    },
    {
        "test_score_gib": 0.7594661770401164,
        "train_score": 0.7674893563036432,
        "test_score": 0.7594661770401164,
        "num_samples": 11887,
        "fit_time": 1880,
        "score_time": 499,
        "time": 2379,
        "parameters": {
            "C": 0.01,
            "penalty": "l2"
        },
        "done_at": 1718712857581,
        "split_id": 2
    },
    {
        "test_score_gib": 0.7603560673851842,
        "train_score": 0.7669903410096695,
        "test_score": 0.7603560673851842,
        "num_samples": 11887,
        "fit_time": 1629,
        "score_time": 488,
        "time": 2117,
        "parameters": {
            "C": 0.01,
            "penalty": "l2"
        },
        "done_at": 1718712859195,
        "split_id": 3
    },
    {
        "test_score_gib": 0.7631239410083926,
        "train_score": 0.7659908662607535,
        "test_score": 0.7631239410083926,
        "num_samples": 11887,
        "fit_time": 2052,
        "score_time": 621,
        "time": 2673,
        "parameters": {
            "C": 0.01,
            "penalty": "l2"
        },
        "done_at": 1718712860320,
        "split_id": 4
    },
    {
        "test_score_gib": 0.7656392209500646,
        "train_score": 0.7865737946247571,
        "test_score": 0.7656392209500646,
        "num_samples": 11887,
        "fit_time": 6795,
        "score_time": 195,
        "time": 6990,
        "parameters": {
            "C": 10.0,
            "penalty": "l2"
        },
        "done_at": 1718712864702,
        "split_id": 0
    },
    {
        "test_score_gib": 0.7733005432337741,
        "train_score": 0.7845143555657281,
        "test_score": 0.7733005432337741,
        "num_samples": 11887,
        "fit_time": 6111,
        "score_time": 247,
        "time": 6358,
        "parameters": {
            "C": 10.0,
            "penalty": "l2"
        },
        "done_at": 1718712864516,
        "split_id": 1
    },
    {
        "test_score_gib": 0.7707037043217435,
        "train_score": 0.7852513963567818,
        "test_score": 0.7707037043217435,
        "num_samples": 11887,
        "fit_time": 5334,
        "score_time": 262,
        "time": 5596,
        "parameters": {
            "C": 10.0,
            "penalty": "l2"
        },
        "done_at": 1718712864914,
        "split_id": 2
    },
    {
        "test_score_gib": 0.7721128060079028,
        "train_score": 0.7842708720761419,
        "test_score": 0.7721128060079028,
        "num_samples": 11887,
        "fit_time": 5015,
        "score_time": 170,
        "time": 5185,
        "parameters": {
            "C": 10.0,
            "penalty": "l2"
        },
        "done_at": 1718712865593,
        "split_id": 3
    },
    {
        "test_score_gib": 0.7730868854201474,
        "train_score": 0.78391365239018,
        "test_score": 0.7730868854201474,
        "num_samples": 11887,
        "fit_time": 4244,
        "score_time": 430,
        "time": 4674,
        "parameters": {
            "C": 10.0,
            "penalty": "l2"
        },
        "done_at": 1718712869218,
        "split_id": 4
    },
    {
        "test_score_gib": 0.7654321100317818,
        "train_score": 0.7863636211819748,
        "test_score": 0.7654321100317818,
        "num_samples": 11887,
        "fit_time": 2040,
        "score_time": 239,
        "time": 2279,
        "parameters": {
            "C": 1.0,
            "penalty": "l2"
        },
        "done_at": 1718712867011,
        "split_id": 0
    },
    {
        "test_score_gib": 0.7732445720078511,
        "train_score": 0.7842704511861726,
        "test_score": 0.7732445720078511,
        "num_samples": 11887,
        "fit_time": 2191,
        "score_time": 334,
        "time": 2525,
        "parameters": {
            "C": 1.0,
            "penalty": "l2"
        },
        "done_at": 1718712867461,
        "split_id": 1
    },
    {
        "test_score_gib": 0.7707607184897641,
        "train_score": 0.7850410491271733,
        "test_score": 0.7707607184897641,
        "num_samples": 11887,
        "fit_time": 2582,
        "score_time": 354,
        "time": 2936,
        "parameters": {
            "C": 1.0,
            "penalty": "l2"
        },
        "done_at": 1718712868555,
        "split_id": 2
    },
    {
        "test_score_gib": 0.7718143507442087,
        "train_score": 0.7841041887865844,
        "test_score": 0.7718143507442087,
        "num_samples": 11887,
        "fit_time": 3023,
        "score_time": 358,
        "time": 3381,
        "parameters": {
            "C": 1.0,
            "penalty": "l2"
        },
        "done_at": 1718712870420,
        "split_id": 3
    },
    {
        "test_score_gib": 0.7732378101772958,
        "train_score": 0.7837475692930729,
        "test_score": 0.7732378101772958,
        "num_samples": 11887,
        "fit_time": 3031,
        "score_time": 309,
        "time": 3340,
        "parameters": {
            "C": 1.0,
            "penalty": "l2"
        },
        "done_at": 1718712870832,
        "split_id": 4
    },
    {
        "test_score_gib": 0.7656269663804138,
        "train_score": 0.7865783239439117,
        "test_score": 0.7656269663804138,
        "num_samples": 11887,
        "fit_time": 7999,
        "score_time": 305,
        "time": 8304,
        "parameters": {
            "C": 100.0,
            "penalty": "l2"
        },
        "done_at": 1718712876888,
        "split_id": 0
    },
    {
        "test_score_gib": 0.7732895054299043,
        "train_score": 0.7845216763357764,
        "test_score": 0.7732895054299043,
        "num_samples": 11887,
        "fit_time": 6635,
        "score_time": 381,
        "time": 7016,
        "parameters": {
            "C": 100.0,
            "penalty": "l2"
        },
        "done_at": 1718712876261,
        "split_id": 1
    },
    {
        "test_score_gib": 0.770684844452139,
        "train_score": 0.7852525042477981,
        "test_score": 0.770684844452139,
        "num_samples": 11887,
        "fit_time": 6214,
        "score_time": 228,
        "time": 6442,
        "parameters": {
            "C": 100.0,
            "penalty": "l2"
        },
        "done_at": 1718712876912,
        "split_id": 2
    },
    {
        "test_score_gib": 0.7721227139578332,
        "train_score": 0.7842645994578882,
        "test_score": 0.7721227139578332,
        "num_samples": 11887,
        "fit_time": 6140,
        "score_time": 274,
        "time": 6414,
        "parameters": {
            "C": 100.0,
            "penalty": "l2"
        },
        "done_at": 1718712877281,
        "split_id": 3
    },
    {
        "test_score_gib": 0.7730501528699324,
        "train_score": 0.7839003711744014,
        "test_score": 0.7730501528699324,
        "num_samples": 11887,
        "fit_time": 5433,
        "score_time": 227,
        "time": 5660,
        "parameters": {
            "C": 100.0,
            "penalty": "l2"
        },
        "done_at": 1718712881944,
        "split_id": 4
    }
]