{
    "modelInputNRows": 59435,
    "modelInputNCols": 253,
    "modelInputIsSparse": false,
    "modelInputMemory": 120296440,
    "usedGridSearch": true,
    "gridSize": 5,
    "gridBestScore": 0.7709686319867265,
    "gridCells": [
        {
            "params": {
                "C": 0.1,
                "penalty": "l2"
            },
            "score": 0.7690513355132027,
            "scoreStd": 0.003569138456801826,
            "fitTime": 1.3936,
            "fitTimeStd": 0.6590743812347739,
            "scoreTime": 0.5242,
            "scoreTimeStd": 0.14522589300809963
        },
        {
            "params": {
                "C": 0.01,
                "penalty": "l2"
            },
            "score": 0.7583058937063966,
            "scoreStd": 0.005014816666861122,
            "fitTime": 1.8222,
            "fitTimeStd": 0.14041281992752655,
            "scoreTime": 0.574,
            "scoreTimeStd": 0.14997733162048188
        },
        {
            "params": {
                "C": 10.0,
                "penalty": "l2"
            },
            "score": 0.7709686319867265,
            "scoreStd": 0.002818040117826834,
            "fitTime": 5.4998000000000005,
            "fitTimeStd": 0.8821182233691808,
            "scoreTime": 0.26080000000000003,
            "scoreTimeStd": 0.090988790518393
        },
        {
            "params": {
                "C": 1.0,
                "penalty": "l2"
            },
            "score": 0.7708979122901803,
            "scoreStd": 0.002888446290290856,
            "fitTime": 2.5734,
            "fitTimeStd": 0.4104527256579008,
            "scoreTime": 0.31880000000000003,
            "scoreTimeStd": 0.04352194848579278
        },
        {
            "params": {
                "C": 100.0,
                "penalty": "l2"
            },
            "score": 0.7709548366180445,
            "scoreStd": 0.0028165249218130156,
            "fitTime": 6.4841999999999995,
            "fitTimeStd": 0.8501603142937219,
            "scoreTime": 0.283,
            "scoreTimeStd": 0.05714892824891819
        }
    ],
    "lmCoefficients": {
        "variables": [
            "Weight",
            "Height",
            "Age",
            "IMC",
            "dummy:NOC:USA",
            "dummy:NOC:GBR",
            "dummy:NOC:FRA",
            "dummy:NOC:JPN",
            "dummy:NOC:AUS",
            "dummy:NOC:CAN",
            "dummy:NOC:ITA",
            "dummy:NOC:GER",
            "dummy:NOC:HUN",
            "dummy:NOC:POL",
            "dummy:NOC:CHN",
            "dummy:NOC:URS",
            "dummy:NOC:RUS",
            "dummy:NOC:ESP",
            "dummy:NOC:ROU",
            "dummy:NOC:BUL",
            "dummy:NOC:KOR",
            "dummy:NOC:SWE",
            "dummy:NOC:FIN",
            "dummy:NOC:SUI",
            "dummy:NOC:FRG",
            "dummy:NOC:BRA",
            "dummy:NOC:UKR",
            "dummy:NOC:MEX",
            "dummy:NOC:GDR",
            "dummy:NOC:CUB",
            "dummy:NOC:NED",
            "dummy:NOC:TCH",
            "dummy:NOC:BEL",
            "dummy:NOC:GRE",
            "dummy:NOC:AUT",
            "dummy:NOC:BLR",
            "dummy:NOC:ARG",
            "dummy:NOC:NZL",
            "dummy:NOC:POR",
            "dummy:NOC:TUR",
            "dummy:NOC:DEN",
            "dummy:NOC:TPE",
            "dummy:NOC:CZE",
            "dummy:NOC:NOR",
            "dummy:NOC:COL",
            "dummy:NOC:IRL",
            "dummy:NOC:KAZ",
            "dummy:NOC:YUG",
            "dummy:NOC:RSA",
            "dummy:NOC:VEN",
            "dummy:NOC:JAM",
            "dummy:NOC:EGY",
            "dummy:NOC:IRI",
            "dummy:NOC:KEN",
            "dummy:NOC:THA",
            "dummy:NOC:PRK",
            "dummy:NOC:IND",
            "dummy:NOC:MGL",
            "dummy:NOC:PUR",
            "dummy:NOC:NGR",
            "dummy:NOC:ISR",
            "dummy:NOC:PHI",
            "dummy:NOC:HKG",
            "dummy:NOC:UZB",
            "dummy:NOC:ALG",
            "dummy:NOC:MAR",
            "dummy:NOC:SVK",
            "dummy:NOC:LTU",
            "dummy:NOC:SLO",
            "dummy:NOC:LAT",
            "dummy:NOC:CRO",
            "dummy:NOC:LUX",
            "dummy:NOC:ETH",
            "dummy:NOC:TUN",
            "dummy:NOC:MAS",
            "dummy:NOC:CHI",
            "dummy:NOC:EUN",
            "dummy:NOC:EST",
            "dummy:NOC:ECU",
            "dummy:NOC:GEO",
            "dummy:NOC:AZE",
            "dummy:NOC:PER",
            "dummy:NOC:GUA",
            "dummy:NOC:BAH",
            "dummy:NOC:TTO",
            "dummy:NOC:INA",
            "dummy:NOC:ISL",
            "dummy:NOC:ZIM",
            "dummy:NOC:SGP",
            "dummy:NOC:SEN",
            "dummy:NOC:UGA",
            "dummy:NOC:URU",
            "dummy:NOC:KGZ",
            "dummy:NOC:ARM",
            "dummy:NOC:MDA",
            "dummy:NOC:BAR",
            "dummy:NOC:SRB",
            "dummy:NOC:LIB",
            "dummy:NOC:PAK",
            "dummy:NOC:KUW",
            "dummy:NOC:CMR",
            "dummy:NOC:ESA",
            "dummy:NOC:DOM",
            "dummy:NOC:ISV",
            "dummy:NOC:GHA",
            "dummy:Sex:M",
            "dummy:City:Rio de Janeiro",
            "dummy:City:Beijing",
            "dummy:City:Athina",
            "dummy:City:Sydney",
            "dummy:City:London",
            "dummy:City:Atlanta",
            "dummy:City:Seoul",
            "dummy:City:Barcelona",
            "dummy:City:Munich",
            "dummy:City:Los Angeles",
            "dummy:City:Mexico City",
            "dummy:City:Tokyo",
            "dummy:City:Roma",
            "dummy:City:Montreal",
            "dummy:City:Moskva",
            "dummy:City:Melbourne",
            "dummy:City_in_Country:False",
            "dummy:Sport:Athletics",
            "dummy:Sport:Gymnastics",
            "dummy:Sport:Swimming",
            "dummy:Sport:Cycling",
            "dummy:Sport:Wrestling",
            "dummy:Sport:Shooting",
            "dummy:Sport:Boxing",
            "dummy:Sport:Judo",
            "dummy:Sport:Fencing",
            "dummy:Sport:Weightlifting",
            "dummy:Sport:Canoeing",
            "dummy:Sport:Diving",
            "dummy:Sport:Archery",
            "dummy:Sport:Tennis",
            "dummy:Sport:Table Tennis",
            "dummy:Sport:Sailing",
            "dummy:Sport:Modern Pentathlon",
            "dummy:Sport:Taekwondo",
            "dummy:Sport:Badminton",
            "dummy:Sport:Triathlon",
            "dummy:Sport:Rowing",
            "dummy:Sport:Rhythmic Gymnastics",
            "dummy:Sport:Trampolining",
            "dummy:Event:Floor Exercise",
            "dummy:Event:Individual",
            "dummy:Event:Individual All-Around",
            "dummy:Event:Road Race, Individual",
            "dummy:Event:Singles",
            "dummy:Event:Horse Vault",
            "dummy:Event:Marathon",
            "dummy:Event:100 metres",
            "dummy:Event:200 metres",
            "dummy:Event:100 metres Freestyle",
            "dummy:Event:400 metres",
            "dummy:Event:Lightweight",
            "dummy:Event:Balance Beam",
            "dummy:Event:800 metres",
            "dummy:Event:Parallel Bars",
            "dummy:Event:Pommelled Horse",
            "dummy:Event:Horizontal Bar",
            "dummy:Event:Rings",
            "dummy:Event:Foil, Individual",
            "dummy:Event:Uneven Bars",
            "dummy:Event:Middleweight",
            "dummy:Event:1,500 metres",
            "dummy:Event:100 metres Butterfly",
            "dummy:Event:100 metres Backstroke",
            "dummy:Event:Long Jump",
            "dummy:Event:Heavyweight",
            "dummy:Event:200 metres Freestyle",
            "dummy:Event:100 metres Breaststroke",
            "dummy:Event:400 metres Freestyle",
            "dummy:Event:High Jump",
            "dummy:Event:epee, Individual",
            "dummy:Event:50 metres Freestyle",
            "dummy:Event:200 metres Breaststroke",
            "dummy:Event:20 kilometres Walk",
            "dummy:Event:5,000 metres",
            "dummy:Event:Discus Throw",
            "dummy:Event:10,000 metres",
            "dummy:Event:Javelin Throw",
            "dummy:Event:400 metres Hurdles",
            "dummy:Event:200 metres Individual Medley",
            "dummy:Event:Featherweight",
            "dummy:Event:Air Rifle, 10 metres",
            "dummy:Event:200 metres Backstroke",
            "dummy:Event:Springboard",
            "dummy:Event:Shot Put",
            "dummy:Event:200 metres Butterfly",
            "dummy:Event:Platform",
            "dummy:Event:Triple Jump",
            "dummy:Event:Sabre, Individual",
            "dummy:Event:Flyweight",
            "dummy:Event:400 metres Individual Medley",
            "dummy:Event:Bantamweight",
            "dummy:Event:3,000 metres Steeplechase",
            "dummy:Event:Light-Heavyweight",
            "dummy:Event:Hammer Throw",
            "dummy:Event:50 kilometres Walk",
            "dummy:Event:Air Pistol, 10 metres",
            "dummy:Event:Small-Bore Rifle, Prone, 50 metres",
            "dummy:Event:Pole Vault",
            "dummy:Event:110 metres Hurdles",
            "dummy:Event:Welterweight",
            "dummy:Event:Decathlon",
            "dummy:Event:Olympic Distance",
            "dummy:Event:Single Sculls",
            "dummy:Event:Sprint",
            "dummy:Event:Free Pistol, 50 metres",
            "dummy:Event:Half-Middleweight",
            "dummy:Event:Mountainbike, Cross-Country",
            "dummy:Event:Windsurfer",
            "dummy:Event:Trap",
            "dummy:Event:1,500 metres Freestyle",
            "dummy:Event:Kayak Singles, 500 metres",
            "dummy:Event:Extra-Lightweight",
            "dummy:Event:Half-Heavyweight",
            "dummy:Event:Light-Welterweight",
            "dummy:Event:Half-Lightweight",
            "dummy:Event:One Person Dinghy",
            "dummy:Event:Kayak Singles, Slalom",
            "dummy:Event:100 metres Hurdles",
            "dummy:Event:Middleweight, Freestyle",
            "dummy:Event:Lightweight, Freestyle",
            "dummy:Event:Super-Heavyweight",
            "dummy:Event:Rapid-Fire Pistol, 25 metres",
            "dummy:Event:Individual Time Trial",
            "dummy:Event:Skeet",
            "dummy:Event:Kayak Singles, 1,000 metres",
            "dummy:Event:Light-Flyweight",
            "dummy:Event:Sporting Pistol, 25 metres",
            "dummy:Event:800 metres Freestyle",
            "dummy:Event:Featherweight, Freestyle",
            "dummy:Event:Featherweight, Greco-Roman",
            "dummy:Event:Welterweight, Freestyle",
            "dummy:Event:Light-Heavyweight, Freestyle",
            "dummy:Event:Light-Middleweight",
            "dummy:Event:Welterweight, Greco-Roman",
            "dummy:Event:Heavyweight, Freestyle",
            "dummy:Event:1,000 metres Time Trial",
            "dummy:Event:Heptathlon",
            "dummy:Event:Lightweight, Greco-Roman",
            "dummy:Event:Middleweight, Greco-Roman",
            "dummy:Event:Light-Heavyweight, Greco-Roman"
        ],
        "coefs": [
            0.7259335631571819,
            -0.20963515177973788,
            0.046371827071018855,
            -0.4413490723706307,
            3.355936359545672,
            1.9874139461413036,
            2.043435019758177,
            2.503898103834268,
            2.1787723556869727,
            1.349738777211983,
            2.2482368748277297,
            2.1956796761524044,
            2.206402045275664,
            1.9091436636420471,
            3.098486254275715,
            4.053314393635545,
            2.954749074023126,
            1.2094277159757498,
            2.5540740791905523,
            2.3826494688627333,
            2.2916470352676397,
            1.848018325806266,
            1.617083115609918,
            1.077058241224537,
            2.041364794465596,
            1.1619577285839255,
            1.8955559050596966,
            1.1969797691025814,
            3.672651834236766,
            2.542835344546928,
            1.951961981259402,
            2.009564013131676,
            1.3239754821121705,
            1.303055831096116,
            0.5896216260882636,
            1.8914863128127846,
            0.6035272610845326,
            1.7696082412681085,
            0.8191784779113985,
            1.6356898602858063,
            1.6536466792163342,
            0.3339524366791562,
            1.6417253321325838,
            1.6559979918956609,
            0.9271754952747354,
            0.7927558411469625,
            1.898456801511331,
            1.7554661917803351,
            1.4902855265860224,
            0.3458828059198353,
            2.5525041026784145,
            0.17338434224415236,
            1.9055211833288894,
            3.40318389913126,
            1.1971023247515258,
            2.3311942593983828,
            0.5505626607786532,
            1.3255809584399818,
            -0.002359091678061065,
            0.7846440723763143,
            0.5948897729278744,
            0.2395339764930496,
            -0.3015004383345738,
            1.4005432867332828,
            1.2122750264315518,
            1.74441301438144,
            1.4654102741808357,
            0.9684555218641693,
            0.9835885807655592,
            1.2867251749648922,
            1.291862564138286,
            -0.29733927086459405,
            3.423702009883427,
            1.1730078911417547,
            0.8017723547560518,
            0.8763540257073275,
            3.65868432104157,
            0.9162137010836969,
            -0.01786118589416996,
            2.0278711068077495,
            2.0460024369569054,
            -3.5534334532053107,
            -0.6333798135507178,
            1.0875061702413593,
            2.359435886160653,
            1.941585026638889,
            -0.414134364414693,
            1.7793585763715452,
            0.605313148254172,
            -3.5421347008212916,
            0.9247267220400632,
            0.4237489172494095,
            0.40358878998217984,
            1.6455589978472038,
            0.01403729528931007,
            -0.023814625660066653,
            1.3871760644305196,
            -3.100127656896041,
            -0.3585766953243257,
            0.5566469397657468,
            0.23800511538230315,
            -3.0208850917219126,
            0.28169979091012115,
            -2.9866191486068105,
            -0.26257597221086676,
            -0.323136994523019,
            -0.25153636998882245,
            -0.2727331077075833,
            -0.28814983643685693,
            -0.3182311483645219,
            -0.2862294143416732,
            -0.271640788155192,
            -0.5848046000224889,
            -0.36735948048355915,
            -0.6670143482686418,
            0.04946993182353908,
            -0.5633534666406038,
            -0.44811214090826496,
            -0.576106086948082,
            -0.48417928337615723,
            -0.32965676696971147,
            0.1571456198513675,
            0.00702487019407934,
            -0.4320171674575676,
            -1.2802840558179165,
            0.10339551276403082,
            0.44752208364809626,
            0.6206923776230947,
            0.09285662833649833,
            0.30165412062729235,
            0.06996689750239264,
            -0.46263000641324337,
            0.2545111947210715,
            0.5013623329012415,
            -0.1865248712876215,
            0.39658777675189555,
            -0.5092312366046039,
            -0.38487405309829065,
            -0.21974878478744636,
            0.7029194613294443,
            0.8391454174402293,
            0.3137849395305993,
            -0.26832134784696127,
            0.059156088621944145,
            1.009599758446022,
            1.65374433196731,
            -0.18943332185379294,
            -1.142274099637364,
            -0.20339851570909948,
            -1.6536255186831008,
            -0.5803203501732479,
            -0.001856495899192586,
            -0.6294817979403968,
            -0.47694180733098057,
            -0.3895280040315983,
            -0.8459399930834532,
            -0.17352054870999375,
            0.43995702917520824,
            -0.3307109233532193,
            -0.10059013534535773,
            -0.19656142826826742,
            -0.04097051630349816,
            0.11253029759553108,
            -0.06735165153901176,
            -0.14911388512878532,
            -0.36253150049226013,
            0.34520955982914475,
            0.1045151500656658,
            -0.7095060377828885,
            -0.7142036535496583,
            -0.21574594477846037,
            0.31157045714839343,
            -0.7690581193923396,
            -0.7501804709217743,
            -0.508580355876619,
            0.039471515905440034,
            -0.19601915693317784,
            -1.1631589923325918,
            -0.5424185473519983,
            -0.20611494398134922,
            0.0523643677108156,
            -0.3864786076138921,
            0.031747612168723016,
            0.12262603872201326,
            -0.07097451039008093,
            -0.6958159916797195,
            0.6974514946760589,
            -0.6838476617918459,
            -0.6466161474046389,
            -0.11888835244175203,
            -0.4946481983859869,
            -0.3992727907889446,
            -0.06763651884533979,
            0.0411507434368365,
            -0.11749696435221604,
            0.709845877511724,
            -0.3063981207446743,
            0.6262978142559894,
            -0.2579470360702949,
            0.5116249985867867,
            -0.38531519604413533,
            -0.2812393469690189,
            -1.0521320851534826,
            -0.8251471118874409,
            0.10398965700346673,
            -0.33749794636744906,
            0.3909938458645337,
            -0.33570304222652425,
            -0.26832134784696127,
            0.059156088621944145,
            -0.4487721562643848,
            -0.37658440800347687,
            0.4576823578128492,
            -0.5372207911490692,
            0.5586290582711988,
            -0.19941506970767187,
            -0.3474035768217929,
            -0.2726646212666958,
            0.6950593377712669,
            0.3124035007498987,
            0.5413818982932173,
            0.49194608055950795,
            0.12648042075798033,
            -0.11835923560052425,
            -0.19283663931577286,
            -0.09015939437272034,
            0.07500837314098084,
            0.17497854355719475,
            -0.4369410188905749,
            -0.7186808389140817,
            -0.3565573096620301,
            -0.23719061133699926,
            1.1000694057120022,
            -0.5189810954153319,
            -0.18300000815908143,
            -0.0756269028570438,
            -0.06558841889408565,
            0.03254500649330973,
            0.016260687361789705,
            0.5013055255499373,
            0.2117797201080302,
            -0.19321883237149862,
            -0.32160458378932244,
            -0.059392115002813044,
            -0.07443047332907554,
            -0.0500715228331994,
            -0.13874416671197118
        ],
        "interceptStderr": null,
        "interceptTstat": null,
        "interceptPvalue": null,
        "interceptCoef": -1.2818580290972754,
        "rescaledCoefs": [
            0.046621320646557086,
            -0.019727186856660518,
            0.008639677197592403,
            -0.1297313414369059,
            3.355936359545672,
            1.9874139461413036,
            2.043435019758177,
            2.503898103834268,
            2.1787723556869727,
            1.349738777211983,
            2.2482368748277297,
            2.1956796761524044,
            2.206402045275664,
            1.9091436636420471,
            3.098486254275715,
            4.053314393635545,
            2.954749074023126,
            1.2094277159757498,
            2.5540740791905523,
            2.3826494688627333,
            2.2916470352676397,
            1.848018325806266,
            1.617083115609918,
            1.077058241224537,
            2.041364794465596,
            1.1619577285839255,
            1.8955559050596966,
            1.1969797691025814,
            3.672651834236766,
            2.542835344546928,
            1.951961981259402,
            2.009564013131676,
            1.3239754821121705,
            1.303055831096116,
            0.5896216260882636,
            1.8914863128127846,
            0.6035272610845326,
            1.7696082412681085,
            0.8191784779113985,
            1.6356898602858063,
            1.6536466792163342,
            0.3339524366791562,
            1.6417253321325838,
            1.6559979918956609,
            0.9271754952747354,
            0.7927558411469625,
            1.898456801511331,
            1.7554661917803351,
            1.4902855265860224,
            0.3458828059198353,
            2.5525041026784145,
            0.17338434224415236,
            1.9055211833288894,
            3.40318389913126,
            1.1971023247515258,
            2.3311942593983828,
            0.5505626607786532,
            1.3255809584399818,
            -0.002359091678061065,
            0.7846440723763143,
            0.5948897729278744,
            0.2395339764930496,
            -0.3015004383345738,
            1.4005432867332828,
            1.2122750264315518,
            1.74441301438144,
            1.4654102741808357,
            0.9684555218641693,
            0.9835885807655592,
            1.2867251749648922,
            1.291862564138286,
            -0.29733927086459405,
            3.423702009883427,
            1.1730078911417547,
            0.8017723547560518,
            0.8763540257073275,
            3.65868432104157,
            0.9162137010836969,
            -0.01786118589416996,
            2.0278711068077495,
            2.0460024369569054,
            -3.5534334532053107,
            -0.6333798135507178,
            1.0875061702413593,
            2.359435886160653,
            1.941585026638889,
            -0.414134364414693,
            1.7793585763715452,
            0.605313148254172,
            -3.5421347008212916,
            0.9247267220400632,
            0.4237489172494095,
            0.40358878998217984,
            1.6455589978472038,
            0.01403729528931007,
            -0.023814625660066653,
            1.3871760644305196,
            -3.100127656896041,
            -0.3585766953243257,
            0.5566469397657468,
            0.23800511538230315,
            -3.0208850917219126,
            0.28169979091012115,
            -2.9866191486068105,
            -0.26257597221086676,
            -0.323136994523019,
            -0.25153636998882245,
            -0.2727331077075833,
            -0.28814983643685693,
            -0.3182311483645219,
            -0.2862294143416732,
            -0.271640788155192,
            -0.5848046000224889,
            -0.36735948048355915,
            -0.6670143482686418,
            0.04946993182353908,
            -0.5633534666406038,
            -0.44811214090826496,
            -0.576106086948082,
            -0.48417928337615723,
            -0.32965676696971147,
            0.1571456198513675,
            0.00702487019407934,
            -0.4320171674575676,
            -1.2802840558179165,
            0.10339551276403082,
            0.44752208364809626,
            0.6206923776230947,
            0.09285662833649833,
            0.30165412062729235,
            0.06996689750239264,
            -0.46263000641324337,
            0.2545111947210715,
            0.5013623329012415,
            -0.1865248712876215,
            0.39658777675189555,
            -0.5092312366046039,
            -0.38487405309829065,
            -0.21974878478744636,
            0.7029194613294443,
            0.8391454174402293,
            0.3137849395305993,
            -0.26832134784696127,
            0.059156088621944145,
            1.009599758446022,
            1.65374433196731,
            -0.18943332185379294,
            -1.142274099637364,
            -0.20339851570909948,
            -1.6536255186831008,
            -0.5803203501732479,
            -0.001856495899192586,
            -0.6294817979403968,
            -0.47694180733098057,
            -0.3895280040315983,
            -0.8459399930834532,
            -0.17352054870999375,
            0.43995702917520824,
            -0.3307109233532193,
            -0.10059013534535773,
            -0.19656142826826742,
            -0.04097051630349816,
            0.11253029759553108,
            -0.06735165153901176,
            -0.14911388512878532,
            -0.36253150049226013,
            0.34520955982914475,
            0.1045151500656658,
            -0.7095060377828885,
            -0.7142036535496583,
            -0.21574594477846037,
            0.31157045714839343,
            -0.7690581193923396,
            -0.7501804709217743,
            -0.508580355876619,
            0.039471515905440034,
            -0.19601915693317784,
            -1.1631589923325918,
            -0.5424185473519983,
            -0.20611494398134922,
            0.0523643677108156,
            -0.3864786076138921,
            0.031747612168723016,
            0.12262603872201326,
            -0.07097451039008093,
            -0.6958159916797195,
            0.6974514946760589,
            -0.6838476617918459,
            -0.6466161474046389,
            -0.11888835244175203,
            -0.4946481983859869,
            -0.3992727907889446,
            -0.06763651884533979,
            0.0411507434368365,
            -0.11749696435221604,
            0.709845877511724,
            -0.3063981207446743,
            0.6262978142559894,
            -0.2579470360702949,
            0.5116249985867867,
            -0.38531519604413533,
            -0.2812393469690189,
            -1.0521320851534826,
            -0.8251471118874409,
            0.10398965700346673,
            -0.33749794636744906,
            0.3909938458645337,
            -0.33570304222652425,
            -0.26832134784696127,
            0.059156088621944145,
            -0.4487721562643848,
            -0.37658440800347687,
            0.4576823578128492,
            -0.5372207911490692,
            0.5586290582711988,
            -0.19941506970767187,
            -0.3474035768217929,
            -0.2726646212666958,
            0.6950593377712669,
            0.3124035007498987,
            0.5413818982932173,
            0.49194608055950795,
            0.12648042075798033,
            -0.11835923560052425,
            -0.19283663931577286,
            -0.09015939437272034,
            0.07500837314098084,
            0.17497854355719475,
            -0.4369410188905749,
            -0.7186808389140817,
            -0.3565573096620301,
            -0.23719061133699926,
            1.1000694057120022,
            -0.5189810954153319,
            -0.18300000815908143,
            -0.0756269028570438,
            -0.06558841889408565,
            0.03254500649330973,
            0.016260687361789705,
            0.5013055255499373,
            0.2117797201080302,
            -0.19321883237149862,
            -0.32160458378932244,
            -0.059392115002813044,
            -0.07443047332907554,
            -0.0500715228331994,
            -0.13874416671197118
        ],
        "rescaledInterceptCoef": 1.6640251618567574
    },
    "probaAware": true
}