{
  "state": "DONE",
  "preSearchDescription": {
    "gridLength": 5,
    "searchStrategy": "GRID",
    "importantParams": [
      {
        "name": "penalty",
        "vals": [
          "l2"
        ]
      },
      {
        "name": "C",
        "vals": [
          "0.01",
          "0.1",
          "1.0",
          "10.0",
          "100.0"
        ]
      }
    ]
  },
  "postSearchDescription": {
    "importantParams": [
      {
        "name": "C",
        "val": "10.0"
      },
      {
        "name": "penalty",
        "val": "l2"
      }
    ]
  },
  "resumed": false,
  "timeOrderingEnabled": false,
  "sampleWeightsEnabled": false,
  "modelId": "m1",
  "progress": {
    "top_level_todo": [],
    "stack": [],
    "top_level_done": [
      {
        "name": "Loading train set",
        "time": 278
      },
      {
        "name": "Loading test set",
        "time": 61
      },
      {
        "name": "Collecting statistics",
        "time": 99
      },
      {
        "name": "Preprocessing train set",
        "time": 317
      },
      {
        "name": "Preprocessing test set",
        "time": 83
      },
      {
        "name": "Hyperparameter searching",
        "time": 28881
      },
      {
        "name": "Fitting model",
        "time": 4080
      },
      {
        "name": "Saving model",
        "time": 217
      },
      {
        "name": "Scoring model",
        "time": 7393
      },
      {
        "name": "Preparing explainability",
        "time": 4962
      }
    ]
  },
  "startTime": 1718712852350,
  "endTime": 1718712898739,
  "preprocessingTime": 840,
  "trainingTime": 45549,
  "hyperparamsSearchTime": 28881,
  "pythonVersion": "3.7.13"
}