{
  "starred": false,
  "clusterMetas": {},
  "customMeta": {
    "kv": {}
  },
  "tags": [],
  "activeClassifierThreshold": 0.675,
  "description": "",
  "name": "Logistic Regression (s1)",
  "labels": [
    {
      "key": "trainDataset:dataset-name",
      "value": "athlete_events_clean_ml_train"
    },
    {
      "key": "testDataset:dataset-name",
      "value": "athlete_events_clean_ml_train"
    },
    {
      "key": "evaluationDataset:dataset-name",
      "value": "athlete_events_clean_ml_train"
    },
    {
      "key": "model:algorithm",
      "value": "LOGISTIC_REGRESSION"
    },
    {
      "key": "model:name",
      "value": "Logistic Regression (s1)"
    },
    {
      "key": "model:date",
      "value": "2024-06-18T14:14:58.739+0200"
    },
    {
      "key": "evaluation:date",
      "value": "2024-06-18T14:14:58.739+0200"
    }
  ]
}